((-1 + 2 + 9 * 5) - (-2 + -4 + -4 * -7)) =,24,"Using the order of operations (PEMDAS), we would first multiply 9 and 5, and then multiply -4 and -7.   ((-1 + 2 + 45) - (-2 + -4 + 28))   Next, we can simplify inside the parentheses by adding -2 and -4 together, and then adding the result to 28:   ((-1 + 2 + 45) - 26)   Now we can simplify the expression by adding 2 and 45, and then subtracting 26:   (46 - 26)   Finally, we can subtract 26 from 46 to get our solution:   20   Therefore, (-1 + 2 + 9 * 5) - (-2 + -4 + -4 * -7) equals 20."
((-9 * -5 - 6 + -2) - (-8 - -6 * -3 * 1)) =,63,"Let's first simplify the expressions inside the parentheses:  -9 * -5 = 45 6 + -2 = 4 -6 * -3 * 1 = 18  Now the expression becomes:  (45 + 4 - 2) - (-8 - 18)  Simplifying further:  (47 - 2) - (-26)  = 45 + 26  = 71  Therefore, (-9 * -5 - 6 + -2) - (-8 - -6 * -3 * 1) = 71."
((3 * -3 * 6 + -5) - (-2 + -7 - 7 - -7)) =,-50,"Using the order of operations:   - First, we need to simplify within any parentheses:     (-2 + -7 - 7 - -7)    = (-2 - 7 - 7 + 7)    (double negatives become addition)   = -9   - Then we evaluate the expression from left to right:     3 * -3 * 6    = -54     -54 + -5    = -59     -59 - (-9)    = -59 + 9    = -50   Therefore, (3 * -3 * 6 + -5) - (-2 + -7 - 7 - -7) = -50."
((6 * -6 * 8 * 1) * (-1 * 7 * -6 + -2)) =,-11520,"We first simplify the expression inside the parentheses by applying the distributive property:  (-1 * 7 * -6 + -2) = (7 * 6 - 2) = 40  So the expression becomes:  (6 * -6 * 8 * 1) * 40  Now we can multiply the numbers together to get the final answer:  (6 * -6 * 8 * 1) * 40 = (-288) * 40 = -11520  Therefore, ((6 * -6 * 8 * 1) * (-1 * 7 * -6 + -2)) simplifies to -11520."
((-6 - -4 + 9 + 0) + (1 + -4 - -9 * 6)) =,58,"Let's simplify this expression.  ((-6 - -4 + 9 + 0) + (1 + -4 - -9 * 6)) =   ((-6 + 4 + 9 + 0) + (1 + (-4) - (-54))) =   (7 + 1 + 54) =   62  Therefore, ((-6 - -4 + 9 + 0) + (1 + -4 - -9 * 6)) = 62."
((-6 - 4 * 2 - 6) + (1 + -2 * 1 * 7)) =,-33,((-6 - 4 * 2 - 6) + (1 + -2 * 1 * 7))   = (-6 - 8 - 6) + (1 + (-14))   = -20 + (-13)   = -33
((1 - 0 + 1 - 4) - (-3 * 1 - -6 * -8)) =,49,"((1 - 0 + 1 - 4) - (-3 * 1 - -6 * -8))   = (-2 - (-3 + 48))   = (-2 - 45)   = -47  Therefore, ((1 - 0 + 1 - 4) - (-3 * 1 - -6 * -8)) = -47."
((1 + 7 * -9 + -5) + (3 + -5 * 2 - 6)) =,-80,"To solve the expression, follow the order of operations:   1. First, simplify the expressions inside the parentheses:   (1 + 7 * -9 + -5) = (1 - 63 - 5) = -67   (3 + -5 * 2 - 6) = (3 - 10 - 6) = -13   2. Add the results of the two simplified expressions:   (-67 + -13) = -80   Therefore, ((1 + 7 * -9 + -5) + (3 + -5 * 2 - 6)) = -80."
((-7 * -9 + 8 * -3) * (5 + -7 - 4 * -5)) =,702,"((-7 * -9 + 8 * -3) * (5 + -7 - 4 * -5)) = (-63 - 24) * (5 + 7 + 20) = (-87) * (32) = -2784.  Therefore, (-7 * -9 + 8 * -3) * (5 + -7 - 4 * -5) is equal to -2784."
((-9 - 1 * 5 * -5) - (6 + -3 - -1 * -7)) =,20,"((-9 - 1 * 5 * -5) - (6 + -3 - -1 * -7))   =((-9 - (-25)) - (6 + 3 + 7))  multiplying -1 and -7 gives 7, and simplifying terms in the parentheses  =((-9 + 25) - 16)  simplifying expressions in parentheses  =(16 - 16)  = 0  Therefore, ((-9 - 1 * 5 * -5) - (6 + -3 - -1 * -7)) = 0."
((6 - 0 * 5 + -3) * (6 - -7 + -2 - -7)) =,54,"Recall the order of operations, which is PEMDAS (Parentheses, Exponents, Multiplication and Division from left to right, and Addition and Subtraction from left to right).  Thus, first we need to evaluate the expression inside the first set of parentheses:  6 - 0 * 5 + -3 = 6 - 0 + (-3) = 3  Next, we evaluate the expression inside the second set of parentheses:  6 - (-7) + (-2) - (-7) = 6 + 7 - 2 + 7 = 18  Finally, we multiply the two results:  3 * 18 = 54  Therefore, the expression ((6 - 0 * 5 + -3) * (6 - -7 + -2 - -7)) equals 54."
((2 - -2 + -7 * 8) * (-7 * -8 * 3 - -2)) =,-8840,"Let's simplify this expression using the order of operations (PEMDAS):  First, we have the multiplication within the parentheses:  (-7 * -8 * 3 - -2) = (-168 - (-2)) = (-168 + 2) = -166  Now we have:  (2 - -2 + -7 * 8) * (-166)  Next, we multiply -7 by 8:  (2 - -2 + (-56)) * (-166)  Now we simplify the double negative:  (2 + 2 - 56) * (-166)  Simplify the addition within the parentheses:  (-52) * (-166)  Finally, we multiply the numbers:  8,632  Therefore, ((2 - -2 + -7 * 8) * (-7 * -8 * 3 - -2)) = 8,632."
((8 - 2 + -2 * 6) * (8 + -6 + -8 + -1)) =,42,"First, we need to simplify the expressions inside the parentheses using the order of operations:  - 8 - 2 = 6 - -2 * 6 = -12 - 8 + -6 + -8 + -1 = -7  Now we can substitute these simplified expressions back into the original equation:  (6 + (-12)) * (-7) = (-6) * (-7) = 42  Therefore, ((8 - 2 + -2 * 6) * (8 + -6 + -8 + -1)) = 42."
((-6 + -9 - -6 + -4) * (-1 - -6 + -4 - 3)) =,26,"First, let's simplify the expression inside the parentheses: (-6 + -9 - -6 + -4) = (-6 - 9 + 6 - 4) = -13 (-1 - -6 + -4 - 3) = (-1 + 6 - 4 - 3) = -2  Now we can substitute these values into the original expression: (-13 * -2) = 26  Therefore, ((-6 + -9 - -6 + -4) * (-1 - -6 + -4 - 3)) = 26."
((-5 - 4 * -8 + 8) * (4 + 3 - 9 * 7)) =,-1960,"To solve this expression, we follow the order of operations or PEMDAS which stands for Parentheses, Exponents, Multiplication and Division (left to right), and Addition and Subtraction (left to right).   1. First, we simplify the expression inside the parentheses:  (-5 - 4 * -8 + 8) = (-5 + 32 + 8) = 35  (4 + 3 - 9 * 7) = (4 + 3 - 63) = -56  2. Next, we plug in these values and simplify the rest of the expression:  (35 * -56) = -1960  Therefore, (-5 - 4 * -8 + 8) * (4 + 3 - 9 * 7) is equal to -1960."
((-5 * -7 * -6 + 9) * (-2 - 8 + -5 + 7)) =,1608,"((-5 * -7 * -6 + 9) * (-2 - 8 + -5 + 7)) = ((210 + 9) * (-8)) = (-219 * -8) = 1752.   Therefore, the answer is 1752."
((8 + 9 - 4 - -9) + (8 + 7 - 6 * 1)) =,31,"Using the order of operations (PEMDAS), we solve the expression step by step:  First, we have to simplify the expression inside parentheses, following the order of operations within the parentheses:  (8 + 7 - 6 * 1) = 9  Next, we solve the expression within the other set of parentheses:  (8 + 9 - 4 - -9) = 30  Now, we add the two results:  30 + 9 = 39  Therefore, (8 + 9 - 4 - -9) + (8 + 7 - 6 * 1) equals 39."
((5 * -1 + -6 * -3) + (-1 + -8 - 5 + 3)) =,2,"Using the order of operations (PEMDAS), first we simplify the operations inside the parentheses: (-1 + -8 - 5 + 3) = -11.   Next, we can evaluate the expression inside the first set of parentheses:   5 * -1 = -5 -6 * -3 = 18   So, (5 * -1 + -6 * -3) simplifies to -5 + 18 = 13.   Now we can substitute the simplified values back into the original expression:   (13) + (-11) = 2   Therefore, the final output is 2."
((-6 - 6 + 7 - 7) - (5 + 3 - 9 * -8)) =,-92,((-6 - 6 + 7 - 7) - (5 + 3 - 9 * -8)) = (-2 - (-160)) = (-2 + 160) = 158.   The answer is 158.
((7 - 4 + -3 * 4) - (5 + -8 - 6 + -5)) =,5,"Using the order of operations (PEMDAS):  (7 - 4 + (-3) x 4) - (5 + (-8) - 6 + (-5)) =  (7 - 4 + (-12)) - (5 - 8 - 6 - 5) =  (-9) - (-8) =  -9 + 8 =  -1  Therefore, the answer is -1."
((-6 * -1 - 2 + -2) + (9 - 4 + -1 - 7)) =,-1,((-6 * -1 - 2 + -2) + (9 - 4 + -1 - 7)) = (-6 + 1 + -9) = -14
((8 * -6 + 6 * 1) - (-3 * 7 * 0 - 7)) =,-35,Let's first simplify the expression inside the parentheses:  (-3 * 7 * 0 - 7) = (-21 * 0 - 7) = (0 - 7) = -7  Now we can substitute this value into the expression:  (8 * -6 + 6 * 1) - (-3 * 7 * 0 - 7) = (8 * -6 + 6 * 1) - (-7)  = (-48 + 6) + 7  = -42 + 7  = -35  So the final answer is -35.
((-6 - 8 - -7 * -2) - (-9 - 5 + 7 + 1)) =,-22,"Let's simplify each part of the equation first: - (-7 * -2) = 14 (two negatives multiplied together result in a positive number) - (-9 - 5 + 7 + 1) = -6 (combining like terms)  So now we have: ((-6 - 8 - 14) - (-6)) =  Next, we'll simplify the expression within the parentheses first: (-6 - 8 - 14) = -28  Now we have: (-28 - (-6)) =  Finally, we'll simplify the expression within the parentheses: -28 + 6 = -22  Therefore, the answer is -22."
((1 - 7 - -8 * 3) + (-7 - -2 + -3 * 6)) =,-5,"Let's break this down step by step using the order of operations (PEMDAS) to simplify the expression:  1. First, we need to solve the expression inside the parentheses: (-7 - -2 + -3 * 6) = (-7 + 2 - 18) = -23 2. Next, we can simplify the expression 8 * 3 to get 24: (1 - 7 - -8 * 3) = (1 - 7 + 24) = 18 3. Finally, we can combine the two simplified expressions using addition: (18 + -23) = -5  Therefore, the answer is -5."
((5 * -8 - -5 * -9) * (2 - -7 * 6 - 4)) =,-3400,"First, let's simplify the expression inside the parentheses:  2 - -7 * 6 - 4 = 2 + 42 - 4 = 40  Now we can substitute this value into the original expression:  (5 * -8 - -5 * -9) * (2 - -7 * 6 - 4) = (-40 - 45) * 40  Next, we can simplify the multiplication in the parentheses:  (-40 - 45) = -85  Now we can substitute this value into the expression:  (-85) * 40 = -3400  Therefore, the final answer is -3400."
((6 + 1 - 4 - 3) - (-4 * -6 * -3 + 1)) =,71,"Using the order of operations, we can simplify the expression step by step:  First, we can simplify what's inside the parentheses:  (6 + 1 - 4 - 3) - (-4 * -6 * -3 + 1) =   (6 + 1 - 4 - 3) - (-72 + 1) =   Next, we can simplify the expression inside the second set of parentheses (multiply -4, -6, and -3 together):  (6 + 1 - 4 - 3) - (-72 + 1) =   (6 + 1 - 4 - 3) - (-216 + 1) =   Now, we can simplify the expression inside the second set of parentheses further (add -216 and 1):  (6 + 1 - 4 - 3) - (-216 + 1) =   (6 + 1 - 4 - 3) - (-215) =   Next, we can simplify the expression inside the first set of parentheses (add or subtract the numbers inside):  (6 + 1 - 4 - 3) - (-215) =   0 - (-215) =   Finally, we can simplify the expression by multiplying -1 and 215:  0 - (-215) =   0 + 215 =   The simplified expression is 215."
((-9 - -9 + 0 + -3) + (-2 - -1 - 1 + 2)) =,-3,"((-9 - -9 + 0 + -3) + (-2 - -1 - 1 + 2)) simplifies to:  (0 + 4)   which equals 4.   So, ((-9 - -9 + 0 + -3) + (-2 - -1 - 1 + 2)) = 4."
((9 - 3 + 2 + -1) - (5 - -1 - -6 * -4)) =,25,"Let's break this down step by step using the order of operations (PEMDAS):  1. First, let's simplify the expression inside the second set of parentheses:  5 - (-1) - (-6 * -4) =  5 + 1 - 24 =  -18  2. Now we can substitute this result into the original expression and continue simplifying:  (9 - 3 + 2 + -1) - (-18) = 7 - (-18) = 7 + 18 = 25  Therefore, ((9 - 3 + 2 + -1) - (5 - -1 - -6 * -4)) simplifies to 25."
((-8 + 6 * -2 + 4) * (-4 * 5 + 2 - 8)) =,416,"To solve this expression, we follow the order of operations:   1. First, we solve the expressions inside the parentheses from left to right.      (-8 + 6 * -2 + 4) = (-8 - 12 + 4) = -16        (-4 * 5 + 2 - 8) = (-20 + 2 - 8) = -26     2. Next, we substitute the results back into the original expression:     (-16) * (-26) = 416     Therefore, (-8 + 6 * -2 + 4) * (-4 * 5 + 2 - 8) = 416."
((3 + -1 * 7 * -6) - (-7 * -1 + -5 - -3)) =,40,"Let's break this down step by step:  1. -1 * 7 = -7 2. -7 * -6 = 42 3. 3 + 42 = 45 4. -7 * -1 = 7 5. -5 - -3 = -2 6. 7 + -2 = 5 7. 45 - 5 = 40  Therefore, ((3 + -1 * 7 * -6) - (-7 * -1 + -5 - -3)) = 40."
((3 - 3 - -3 + -2) + (8 - 2 + -8 - -6)) =,5,"First, let's simplify the expressions inside each set of parentheses separately:  - (3 - 3 - -3 + -2) is the same as (3 - 3 + 3 - 2) which equals 1 - (8 - 2 + -8 - -6) is the same as (8 - 2 + 8 + 6) which equals 20  Now we can substitute these values back into the original equation:  (1) + (20) = 21  Therefore, the final answer is 21."
((-2 + -9 - -2 * 2) - (6 * 1 * -2 * -1)) =,-19,"Let's solve this expression step by step:  - First, we need to simplify the expression inside the first set of parentheses:   (-2 + -9 - -2 * 2) = (-2 + -9 - (-4)) = (-2 + -9 + 4) = -7.  - Next, let's simplify the expression inside the second set of parentheses:   (6 * 1 * -2 * -1) = 6 * 1 * 2 = 12.  - Now we can substitute these simplified expressions back into the original expression:   (-7 - 12) = -19.  Therefore, the answer is -19."
((-7 + -2 * 1 - 6) + (3 + 9 * 7 + -7)) =,44,"((-7 + (-2 * 1) - 6) + (3 + (9 * 7) - 7))   = (-7 + (-2) - 6 + 3 + (9 * 7) - 7)   = (-15 + 63)   = 48   Therefore, the answer is 48."
((4 + 7 * 4 - -5) - (-4 - 1 - -4 - 4)) =,42,"The solution to this expression would be:  (4 + 7 * 4 - -5) - (-4 - 1 - -4 - 4) = (4 + 28 + 5) - (-3) = 37 + 3 = 40  Therefore, the solution is 40."
((1 - 6 * 0 - -7) * (6 * 0 + 6 - -3)) =,72,"First, we solve what's inside the parentheses for each set of parentheses by following the order of operations, which is parentheses, exponents, multiplication and division, and finally addition and subtraction: - Inside the first set of parentheses: 1 - 6 * 0 - -7 = 1 - 0 + 7 = 8 - Inside the second set of parentheses: 6 * 0 + 6 - -3 = 0 + 6 + 3 = 9 Now, we replace each set of parentheses with the result we just calculated: (8 * 9) Finally, we multiply 8 and 9 to get: 72  Therefore, ((1 - 6 * 0 - -7) * (6 * 0 + 6 - -3)) = 72."
((-1 + -7 + -2 - 7) * (6 - 1 - -1 * 5)) =,-170,"(-1 - 7 - 2 - 7) * (6 - 1 - (-1 * 5))   = (-17) * (6 + 1 * 5)   = (-17) * (6 + 5)   = (-17) * (11)   = -187   Therefore, (-1 + -7 + -2 - 7) * (6 - 1 - -1 * 5) is equal to -187."
((-5 + 6 - -5 + -6) + (-4 + -6 - 3 - 7)) =,-20,(-5+6-(-5)-6)+(-4-6-3-7) = (-5+6+5-6)+(-4-6-3-7) = 0-20 = -20
((0 - -1 + -1 + -3) - (-3 * 0 * 8 + 6)) =,-9,"Using order of operations (PEMDAS), we first simplify the expression inside the parentheses:   (-3 * 0 * 8 + 6) = (-0 + 6) = 6  Now, the expression becomes:   ((0 - -1 + -1 + -3) - 6)  Simplifying the addition and subtraction inside the parentheses:   ((0 + 1 - 1 - 3) - 6) = (-3 - 6) = -9  Therefore, the final answer is -9."
((-8 + -6 * 9 - 7) + (8 + 2 * -9 * -7)) =,65,"((-8 + -6 * 9 - 7) + (8 + 2 * -9 * -7))   = (-8 - 54 - 7) + (8 + 126)  = (-69) + (134)  = 65  Therefore, (-8 + -6 * 9 - 7) + (8 + 2 * -9 * -7) equals 65."
((-3 * 0 * 4 - -7) + (-9 * -6 - -8 + 1)) =,70,((-3 * 0 * 4) - (-7)) + (-9 * -6 - (-8 + 1)) =   (0 - (-7)) + (-9 * -6 - (-7)) =   (0 + 7) + (-9 * -6 + 7) =   7 + (54 + 7) =   7 + 61 =   68
((-5 - 2 + 9 * -1) * (7 - 5 + 9 * -7)) =,976,"((-5 - 2 + 9 * -1) * (7 - 5 + 9 * -7))   = (-5 - 2 - 9) * (7 - 5 - 63)        [Replace -1 with its value]   = (-16) * (-61)                                 = 976                                             [Simplify the product]   Therefore, ((-5 - 2 + 9 * -1) * (7 - 5 + 9 * -7)) = 976."
((5 - 7 - 8 - 6) * (-2 * -8 * -9 + 4)) =,2240,"First, we need to simplify the expression inside the parentheses:  (-2 * -8 * -9 + 4) = (-144 + 4) = -140  Then we can substitute this into the original expression:  (5 - 7 - 8 - 6) * (-2 * -8 * -9 + 4) = (-16) * (-140)  To simplify this further, we can use the fact that a negative number multiplied by another negative number results in a positive number:  (-16) * (-140) = 2240  Therefore:  (5 - 7 - 8 - 6) * (-2 * -8 * -9 + 4) = 2240"
((-5 + 1 - 2 - -3) * (-9 * 3 + 9 + -1)) =,57,"((-5 + 1 - 2 - -3) * (-9 * 3 + 9 + -1))   First, we can simplify the expressions inside the parentheses: ((-5 + 1 - 2 - -3) * (-9 * 3 + 9 + -1)) = ((-5 + 1 - 2 + 3) * (-27 + 9 + -1))  =(-3 * (-19)) = 57  Therefore, ((-5 + 1 - 2 - -3) * (-9 * 3 + 9 + -1)) = 57."
((-2 * -8 * 9 + -5) + (7 - -1 - -4 - 1)) =,150,"((-2 * -8 * 9 + -5) + (7 - -1 - -4 - 1))   = ((16 * 9 + -5) + (7 + 1 + 4 + 1))  // multiply -2, -8, and 9 = (144 + -5 + 13)   = 152   Therefore, (-2 * -8 * 9 + -5) + (7 - -1 - -4 - 1) = 152."
((-2 - 5 * -5 - 6) + (-5 * -4 + 2 + -2)) =,37,"((-2 - 5 * -5 - 6) + (-5 * -4 + 2 + -2)) simplifies as follows: -2 - 5*(-5) - 6 = -2 + 25 - 6 = 17 -5*(-4) + 2 + -2 = 20 + 0 - 2 = 18 Therefore, the overall expression becomes: 17 + 18 = 35."
((-5 - 6 * 5 + -9) + (1 + -4 - -2 * 6)) =,-35,"((-5 - 6 * 5 + -9) + (1 + -4 - -2 * 6))   = ((-5 -30 -9) + (1 + 4 + 12))   = (-44 + 17)  = -27  Therefore, the answer is -27."
((-8 + 0 * 0 * -1) - (7 + -1 + -3 * -2)) =,-20,"Let's first simplify the expression within the parentheses:  -8 + 0 * 0 * -1 = -8 + 0 * (0*(-1)) = -8 + 0 * 0 = -8  -3 * -2 = 6  So now we can rewrite the original expression:  (-8) - (7 + (-1) + 6) = (-8) - (7 - 1 + 6) = (-8) - 14 = -22  Therefore, ((-8 + 0 * 0 * -1) - (7 + -1 + -3 * -2)) = -22."
((-9 - -3 * 1 - -3) * (-9 - 5 - -2 * -7)) =,84,"((-9 - -3 * 1 - -3) * (-9 - 5 - -2 * -7)) can be simplified using the order of operations: First, we will perform the operations inside the parentheses: ((-9 - -3 * 1 - -3) * (-9 - 5 - -2 * -7)) = ((-9 - (-3) - (-3)) * (-9 - 5 + 14))  Next, we will simplify the expressions inside each set of parentheses: ((-9 - (-3) - (-3)) * (-9 - 5 + 14)) = ((-9 + 3 + 3) * (-9 + 5 + 14))  Now, we will multiply the terms inside each set of parentheses: (((-9 + 3 + 3) * (-9 + 5 + 14)) = ((-3) * 10))  Finally, we will simplify the expression: ((-3) * 10) = -30  Therefore, ((-9 - -3 * 1 - -3) * (-9 - 5 - -2 * -7)) = -30"
((5 * -2 + 8 * 1) * (9 + -3 * -8 - -5)) =,-76,"Start by simplifying the expression within the innermost parentheses:  9 + (-3 * -8) - (-5) = 9 + 24 + 5 = 38  Now we can substitute that value into the larger expression:  (5 * -2 + 8 * 1) * 38  Next, we simplify the multiplication within the parentheses:  (5 * -2) = -10 (8 * 1) = 8  Substituting back in:  (-10 + 8) * 38  Now we simplify the addition within the parentheses:  (-2) * 38 = -76  So the final answer is -76."
((-7 * 9 - -9 + 7) + (9 * -6 * -4 * -6)) =,-1343,"((-7 * 9 - -9 + 7) + (9 * -6 * -4 * -6)) = (-63 + 9 + 7) + (9 * 216) = -47 + 1944 = 1897.   Therefore, the answer is 1897."
((4 - 3 * -1 * 3) * (3 + 8 + 1 - 7)) =,65,"((4 - 3 * -1 * 3) * (3 + 8 + 1 - 7))   First, we will solve the expression inside the parentheses:  (3 + 8 + 1 - 7) = 5  Now, we substitute this value into the outer expression:  ((4 - 3 * -1 * 3) * 5)  Next, we solve the multiplication inside the parentheses:  (4 - 3 * -1 * 3) = (4 - (-9)) = 13  Finally, we substitute this value into the expression:  (13 * 5) = 65  Therefore, ((4 - 3 * -1 * 3) * (3 + 8 + 1 - 7)) = 65."
((-3 - 8 * 5 + 5) - (-1 * -3 - -2 - 6)) =,-37,"((-3 - 8 * 5 + 5) - (-1 * -3 - -2 - 6))   = (-3 - 40 + 5) - (3 - 2 - 6)  = (-38) - (-5)  = -33  Therefore, the answer is -33."
((1 + 3 - -5 - 4) + (-3 - -3 + 6 * 9)) =,59,"Simplifying the expression inside the parentheses first, we have:  (1 + 3 - -5 - 4) = 13  (-3 - -3 + 6 * 9) = 48  Substituting these values in the original expression, we have:  (13 + 48) = 61  Therefore, ((1 + 3 - -5 - 4) + (-3 - -3 + 6 * 9)) = 61."
((3 * 9 - 3 * 2) + (-1 * -7 - 1 - -9)) =,36,"Let's break it down step by step:  First, we have 3 * 9 which equals 27. Next, we have 3 * 2 which equals 6. So, 3 * 9 - 3 * 2 simplifies to 27 - 6, which equals 21.  Next, we have -1 * -7 which equals 7. We also have 1 - (-9), which simplifies to 1 + 9, which equals 10. So, -1 * -7 - 1 - -9 simplifies to 7 - 1 + 9, which equals 15.  Finally, we add the results of the two simplifications: 21 + 15 = 36.  So, ((3 * 9 - 3 * 2) + (-1 * -7 - 1 - -9)) = 36."
((7 * 9 * 3 * 6) * (-8 * -6 + -9 + -5)) =,38556,"(-8 * -6 + -9 + -5) simplifies to -34. Then, (7 * 9 * 3 * 6) equals 1134.   Thus, the overall expression is:  1134 * (-34) = -38,556"
((1 + 1 + -7 * -6) - (4 * 2 * -5 + -5)) =,89,"((1 + 1 + 42) - (-40 + -5)) = (44 - (-45)) = 89.   Therefore, the answer is 89."
((1 + 1 * 3 - 2) * (-8 - -2 - 9 + -9)) =,-48,"First, we need to follow the order of operations, which is parentheses, exponents, multiplication and division (from left to right), and addition and subtraction (from left to right).   So, within the parentheses, we have -8 - (-2) - 9 + (-9), which simplifies to -8 + 2 - 9 - 9, which equals -24.   Now we have (1 + 1 * 3 - 2) * (-24), which can be simplified further:  1 * 3 = 3  1 + 3 - 2 = 2  So we have 2 * (-24), which equals -48.  Therefore, the final answer is -48."
((5 + 6 * 4 * 9) + (-9 - 0 * 3 - 1)) =,211,"Multiplication comes before addition, so we need to calculate 6 * 4 first, which equals 24. Then we multiply 24 by 9, which equals 216.   Now we can simplify the expression inside the parentheses: 0 * 3 equals 0, so -9 - 0 * 3 - 1 simplifies to -10.   Putting it all together: (5 + 216) + (-10) = 211.   So (5 + 6 * 4 * 9) + (-9 - 0 * 3 - 1) equals 211."
((-1 - 9 + -9 * -9) - (1 + -3 - 5 - 5)) =,83,"Starting from the left side:   -1 - 9 = -10   -9 * -9 = 81   So, -10 + 81 = 71   Now, moving to the right side:   1 + (-3) = -2   -2 - 5 = -7   -7 - 5 = -12   So, the overall equation can be simplified as:   71 - (-12)   = 71 + 12   = 83"
((-1 + -6 - -4 + -6) - (-2 * -5 - -1 * 1)) =,-20,"((-1 + -6 - -4 + -6) - (-2 * -5 - -1 * 1)) simplifies to:  ((-1 -6 +4 -6) - (-2 * -5 -1))   = (-9 + 9)  = 0  Therefore, the answer is 0."
((-2 - -7 + 5 * -3) + (2 - 8 + 5 * -7)) =,-51,"((-2 - -7 + 5 * -3) + (2 - 8 + 5 * -7)) simplifies to:  ((-2 + 7 - 15) + (2 - 8 - 35))  = (-10) + (-41)  = -51  Therefore, ((-2 - -7 + 5 * -3) + (2 - 8 + 5 * -7)) equals -51."
((3 - -6 - 7 + 3) + (-7 + 6 * 9 + 8)) =,60,"((3 - -6 - 7 + 3) + (-7 + 6 * 9 + 8)) = ((3 + 6 - 7 + 3) + (-7 + 54 + 8))   = (5 + 55) = 60    Therefore, ((3 - -6 - 7 + 3) + (-7 + 6 * 9 + 8)) = 60."
((-1 - -9 * 8 - -9) + (-9 - 2 * -6 + -6)) =,77,"((-1 - -9 * 8 - -9) + (-9 - 2 * -6 + -6)) simplifies to:  ((-1 - (-72) - (-9)) + (-9 + 12 - 6))  =((-1 + 72 - 9) + (-3))  =(62 - 3)  =59  Therefore, ((-1 - -9 * 8 - -9) + (-9 - 2 * -6 + -6)) = 59."
((-5 + 6 + -6 * -1) + (-5 + -5 + 9 + -2)) =,4,((-5 + 6 + -6 * -1) + (-5 + -5 + 9 + -2))  = ( -5 + 6 + 6 + -5 + -5 + 9 - 2 )   = -2
((4 + -1 + -7 + 2) - (-7 + -9 * -6 + -3)) =,-46,"Let's start by simplifying the expression inside the parentheses:  -9 * -6 = 54   (-7) + 54 + (-3) = 44  Now we can rewrite the original equation:  (4 + -1 + -7 + 2) - (-7 + 54 - 3) =   (-2) - (44) =  -46  Therefore, ((4 + -1 + -7 + 2) - (-7 + -9 * -6 + -3)) = -46."
((8 * 9 * 0 - -1) - (-9 - -7 + -4 - 8)) =,15,"First, let's simplify the expression inside the parentheses:  (-9 - -7 + -4 - 8) =  (-9 + 7 - 4 - 8) =  -14   Now we substitute the result back into the original expression:  ((8 * 9 * 0 - -1) - (-9 - -7 + -4 - 8)) =  ((72 - -1) - (-14)) =  (73 + 14) =  87   Therefore, the final answer is 87."
((4 + 5 * -9 * -8) - (-9 + -7 - -6 - -9)) =,365,"Let's start by simplifying each set of parentheses:  - (-9 + -7 - -6 - -9) = -9 + 7 + 6 + 9 = 13 - (4 + 5 * -9 * -8) = 4 + (5 * 72) = 4 + 360 = 364  Now we can plug these values back into the original equation:  (364) - (13) = 351  Therefore, the solution to the equation ((4 + 5 * -9 * -8) - (-9 + -7 - -6 - -9)) is 351."
((-8 + 5 - 0 - 6) * (-5 * -4 - 6 + -3)) =,-99,((-8 + 5 - 0 - 6) * (-5 * -4 - 6 + -3)) = ((-9) * (-17)) = 153
((-4 + -5 * 7 + 7) + (3 * -3 - -4 + 4)) =,-33,We can simplify the expression by following the order of operations:  -5 * 7 = -35 3 * -3 = -9 -4 + 4 = 0  ((-4 + (-35) + 7) + (-9 - (-4) + 4))  = (-32 + 9)  = -23
((0 * 8 - -9 * 6) - (-3 * -9 * -1 - 7)) =,88,"We can simplify the expression using the order of operations (PEMDAS):  0 * 8 = 0  -9 * 6 = -54  -3 * -9 = 27  27 * -1 = -27  -27 - 7 = -34  So, the simplified expression is:  (0 - (-54)) - (-34) = 54 + 34 = 88  Therefore, ((0 * 8 - -9 * 6) - (-3 * -9 * -1 - 7)) = 88."
((0 * 9 + -8 * 7) - (7 - 9 + 1 + 0)) =,-55,"Using the order of operations (PEMDAS), first we need to simplify what is within each set of parentheses.  (7 - 9 + 1 + 0) = -1  Next, we can substitute this into the original equation:  (0 * 9 + -8 * 7) - (-1) = -56 + 1  Simplifying further, we get:  -55  Therefore ((0 * 9 + -8 * 7) - (7 - 9 + 1 + 0)) = -55."
((9 * 4 - 6 - -8) + (6 - 8 - -4 * 3)) =,48,"The answer is 7.  Here's the step-by-step process:  9 * 4 = 36  -6 - -8 = -6 + 8 = 2  36 - 2 = 34  6 - 8 = -2  -4 * 3 = -12  -2 - -12 = -2 + 12 = 10  34 + 10 = 44  Therefore, (9 * 4 - 6 - -8) + (6 - 8 - -4 * 3) = 44."
((6 - 1 - -3 + -2) + (5 * 5 + -1 - -8)) =,38,"Let's first solve the expressions inside of each set of parentheses:  - (6 - 1 - -3 + -2) = 6 - 1 + 3 - 2 = 6 - (5 * 5 + -1 - -8) = 25 + 1 + 8 = 34  Now we can substitute these values back into the original equation:  (6 + 34) = 40  Therefore, ((6 - 1 - -3 + -2) + (5 * 5 + -1 - -8)) = 40."
((-4 + 4 + 3 * 1) - (-9 - -3 + -6 - 5)) =,20,"((-4 + 4 + 3 * 1) - (-9 - -3 + -6 - 5)) simplifies to:  (0 + 3) - (-23) =   3 + 23 =   26  Therefore, the answer is 26."
((-3 - -6 - -7 + 3) + (5 * 5 * 1 - -3)) =,41,"((-3 - -6 - -7 + 3) + (5 * 5 * 1 - -3))   = (-3 + 6 + 7 + 3) + (25 + 3)  = 16 + 28   = 44   Therefore, the solution is 44."
((-8 * 4 + 7 - 5) + (9 + -6 + -2 * 5)) =,-37,"Let's simplify the expression step by step using the order of operations (PEMDAS):  - (-8 * 4 + 7 - 5) is equal to -32 + 7 - 5, which simplifies to -30. - (9 + -6 + -2 * 5) is equal to 9 - 6 - 10, which simplifies to -7. - Putting these simplified expressions together, we get: (-30) + (-7) = -37.  Therefore, (-8 * 4 + 7 - 5) + (9 + -6 + -2 * 5) = -37."
((-8 - -6 * 7 * 0) * (0 + -5 * -8 - 0)) =,-320,"((-8 - -6 * 7 * 0) * (0 + -5 * -8 - 0)) simplifies as follows:  ((-8 - 0) * (0 + 40 - 0)) (-8 * 40) -320  Therefore, the solution is -320."
((5 * 1 * 3 - 9) * (-7 + 4 - -7 * -3)) =,-144,"Let's solve this expression step by step:  First, we need to calculate the value within the parentheses:  (-7 + 4 - -7 * -3) = (-7 + 4 + 21) = 18  Substituting this value back into the original expression:  (5 * 1 * 3 - 9) * 18 = (15 - 9) * 18  Now, we can simplify further:  (15 - 9) * 18 = 6 * 18 = 108  Therefore, the solution to ((5 * 1 * 3 - 9) * (-7 + 4 - -7 * -3)) is 108."
((5 - -2 * -9 + 8) - (3 - 4 * -3 - -6)) =,-26,"Let's simplify the expression step by step:  - (-2 * -9) = 18 (multiplication has higher precedence) - (5 - 18 + 8) = -5 (addition and subtraction have same precedence and are performed left to right) - (-4 * -3) = 12 - (12 - -6) = 18 - (-5 - 18) = -23  Therefore, the final result is: -23."
((7 + 1 + 9 * 1) + (7 - -3 + 3 * 1)) =,30,"20.   Here is how to work through the problem:   - Start with the parentheses: (7 + 1 + 9 * 1) evaluates to 17, and (7 - -3 + 3 * 1) evaluates to 13.  - Substitute those values back into the original equation: (17 + 13) = 30.  - The final answer is 30."
((-6 + -2 * 3 * 0) + (3 + -4 - 7 - -4)) =,-10,((-6 + -2 * 3 * 0) + (3 + -4 - 7 - -4)) = (-6 + 0) + (3 - 4 - 7 + 4) = -6 + (-4) = -10
((-8 + -4 * -9 * 0) + (2 * -9 + 3 * -3)) =,-35,((-8 + -4 * -9 * 0) + (2 * -9 + 3 * -3))   = ((-8 + 0) + (-18 - 9))   = (-8 - 27)  = -35
((-8 + 6 - 8 * -9) - (9 - 9 * -2 + -1)) =,44,"((-8 + 6 - 8 * -9) - (9 - 9 * -2 + -1)) = ((-8 + 6 + 72) - (9 + 18 - 1))   = (70 - 26)   = 44  Therefore, the answer is 44."
((9 - -6 * 9 * 4) - (6 - 4 * -8 * -7)) =,443,"Let's solve this following the order of operations (PEMDAS):  First, we have to evaluate the expressions inside the parentheses:  - (9 - -6 * 9 * 4) = 207 - (6 - 4 * -8 * -7) = -1742  Therefore, the expression becomes:  (207) - (-1742)  We simplify the double negative:  (207) + (1742)  And now we can perform the addition:  1949  So the final answer is 1949."
((8 + 3 * -8 - -8) - (2 + 2 * -9 - 6)) =,14,"Let's simplify the expression step by step:  First, let's simplify the inner parentheses on each side:   (8 + 3 * -8 - -8) becomes (8 - 24 + 8) = -8   (2 + 2 * -9 - 6) becomes (2 - 18 - 6) = -22   Substituting these values into the original expression:   (-8) - (-22) = -8 + 22 = 14   So the final answer is 14."
((-9 + 8 - -4 * 2) - (1 - 9 + -6 * 3)) =,33,"((-9 + 8 - -4 * 2) - (1 - 9 + -6 * 3))   = ((-9 + 8 - -8) - (1 - 9 - 18))  = ((-1) - (-28))  = -1 + 28  = 27  Therefore, ((-9 + 8 - -4 * 2) - (1 - 9 + -6 * 3)) = 27"
((-1 * -6 - -1 - -8) - (8 + -7 * 8 * -4)) =,-217,"Let's start by simplifying the expressions inside the parentheses:  (-1 * -6 - -1 - -8) = (-1* -6 + 1 -(-8)) = (6 + 9) = 15   (8 + -7 * 8 * -4) = (8 + 224) = 232  Now we can substitute these values into the original expression:  ((-1 * -6 - -1 - -8) - (8 + -7 * 8 * -4)) = (15 - 232) = -217  Therefore, (-1 * -6 - -1 - -8) - (8 + -7 * 8 * -4) = -217."
((-3 * 6 - 0 * 6) - (-6 * -6 * 7 + -8)) =,-262,"((-3 * 6 - 0 * 6) - (-6 * -6 * 7 + -8))   = (-18 - 0) - (-252 + -8)  = -18 + 260   = 242  Therefore, (-3 * 6 - 0 * 6) - (-6 * -6 * 7 + -8) = 242."
((-6 - -1 - -5 * -5) + (8 + -5 - 9 * -7)) =,36,"First, let's simplify the expressions inside each set of parentheses:  -6 - -1 - -5 * -5 = -6 + 1 - 25 = -30 8 + -5 - 9 * -7 = 8 + 5 + 63 = 76  Next, we can substitute these simplified values back into the original expression:  (-30) + (76) = 46  So the answer is 46."
((-9 + -4 + 0 * -1) * (4 * -3 * -8 - -4)) =,-1300,"First we need to calculate the values inside the parentheses:  -9 + -4 + 0 * -1 = -13  4 * -3 * -8 - -4 = 92  Now we can substitute these values into the original expression:  (-13) * (92) = -1196  Therefore, ((-9 + -4 + 0 * -1) * (4 * -3 * -8 - -4)) equals -1196."
((-2 - 2 * 2 + 0) - (7 - 6 - -7 - -1)) =,-15,"((-2 - 2 * 2 + 0) - (7 - 6 - -7 - -1))   = (-2 - 4 + 0) - (7 - 6 + 7 + 1)  // Multiplication before addition/subtraction  = (-6) - 9    = -15  Therefore, ((-2 - 2 * 2 + 0) - (7 - 6 - -7 - -1)) is equal to -15."
((-7 - -4 * 2 - 9) * (9 - 6 - 1 + -4)) =,16,"((-7 - -4 * 2 - 9) * (9 - 6 - 1 + -4)) = ((-7 - (-8) - 9) * (9 - 6 - 1 - 4))   = ((-7 + 8 - 9) * (9 - 6 - 5))   = (-8 * -2)   = 16  Therefore, (-7 - -4 * 2 - 9) * (9 - 6 - 1 + -4) = 16."
((-9 * 4 * -9 - -9) * (5 * 2 * 6 * -2)) =,-39960,"First, let's simplify the expression inside the first set of parentheses:   ((-9 * 4 * -9 - -9) = (-324 - (-9)) = (-324 + 9) = -315   Now, let's simplify the expression inside the second set of parentheses:   (5 * 2 * 6 * -2) = (-120)   Now, we can substitute these simplified expressions back into the original equation:   ((-9 * 4 * -9 - -9) * (5 * 2 * 6 * -2)) = (-315 * -120) = 37800   Therefore, (-9 * 4 * -9 - -9) * (5 * 2 * 6 * -2) equals 37800."
((-9 + -3 + 6 - 8) - (-7 * -2 * -6 + -6)) =,76,"((-9 + -3 + 6 - 8) - (-7 * -2 * -6 + -6)) = ((-14) - (-84 + -6)) = ((-14) - (-90)) = (-14 + 90) = 76. Therefore, the answer is 76."
((-7 + 5 * -6 * -6) * (7 * -5 + -6 - 7)) =,-8304,((-7 + 5 * -6 * -6) * (7 * -5 + -6 - 7)) = ((-7 + 180) * (-35 - 13)) = (173 * -48) = -8304
((-8 * 0 + 2 * 2) * (-9 - 1 * -9 * 3)) =,72,((-8 * 0 + 2 * 2) * (-9 - 1 * -9 * 3)) = ((0 + 4) * (-9 - (-27))) = (-4 * 18) = -72
((9 + 2 + 3 - -3) + (-5 + 6 - -6 - -9)) =,33,The calculation would be: (9 + 2 + 3 - -3) + (-5 + 6 - -6 - -9) = (9 + 2 + 3 + 3) + (-5 + 6 + 6 + 9) = 20 + 16 = 36
((5 - 6 - 7 + 6) - (-1 - 1 * -7 + 9)) =,-17,"First we need to simplify the terms inside the parentheses.   (-1 - 1 * -7 + 9) = (-1 + 7 + 9) = 15  Now we can substitute this value in the original equation:  ((5 - 6 - 7 + 6) - (-1 - 1 * -7 + 9)) =   ((-2) - 15) =   -17  Therefore, the answer is -17."
((-9 - -7 + 2 + 2) + (-7 + -9 - -1 - 0)) =,-13,"((-9 - -7 + 2 + 2) + (-7 + -9 - -1 - 0))   = ((-9 + 7 + 2 + 2) + (-7 - 9 + 1 + 0))  [Since -(-7) = 7 and -(-1) = 1]  = (2 - 15)   = -13  Therefore, the value of the expression is -13."
((-6 * -4 + -1 + 1) + (-9 * -6 + 7 + 9)) =,94,"((-6 * -4 + -1 + 1) + (-9 * -6 + 7 + 9)) is equal to (-24 + 0) + (54 + 16) which is equal to -24 + 54 + 0 + 16. Simplifying, it becomes 26. So, (-6 * -4 + -1 + 1) + (-9 * -6 + 7 + 9) is equal to 26."
((7 - 5 * 7 + -1) + (6 * 4 - 9 + -7)) =,-21,"Let's break down this equation following the order of operations: First, we need to perform multiplication and division, from left to right: - 5 * 7 = 35 - 6 * 4 = 24  Then, we need to perform addition and subtraction, from left to right: - 7 - 35 = -28 - -28 + -1 = -29 - 24 - 9 = 15 - 15 + -7 = 8  Therefore: ((7 - 5 * 7 + -1) + (6 * 4 - 9 + -7)) = 8"
((6 + -8 * -3 - -5) * (2 - 7 * -2 * -8)) =,-3850,"Let's break it down step by step:  1. First, we need to simplify what's inside the parentheses on the right side of the multiplication symbol.   - 7 * -2 = -14 - -14 * -8 = 112 - 2 - 112 = -110  So, we can replace `(2 - 7 * -2 * -8)` with `-110`.  2. Next, we need to simplify what's inside the parentheses on the left side of the multiplication symbol.   - -8 * -3 = 24 - 6 + 24 = 30 - 30 - (-5) = 35  So, we can replace `(6 + -8 * -3 - -5)` with `35`.  3. Now, we can substitute the simplified expressions back into the original equation:   `35 * (-110)`  4. Finally, we can multiply the two values to get the answer:   `-3850`  Therefore, `((6 + -8 * -3 - -5) * (2 - 7 * -2 * -8)) = -3850`."
((-1 * -1 * -6 - 7) - (-4 * 0 - -4 - 9)) =,-8,"((-1 * -1 * -6 - 7) - (-4 * 0 - -4 - 9))  = ((1 * -6 - 7) - (0 + 4 - 9))         [(-1 * -1 = 1), (-4 * 0 = 0)]  = (-6 - 7 - (-5))  = (-6 - 7 + 5)  = -8  Therefore, ((-1 * -1 * -6 - 7) - (-4 * 0 - -4 - 9)) is equal to -8."
((-6 + 1 - -4 * -2) + (4 - -8 - -1 - -2)) =,2,"To solve this expression, we need to follow the order of operations, which is typically remembered by the acronym PEMDAS (Parentheses, Exponents, Multiplication and Division, Addition and Subtraction).   1. First, we need to solve the expressions inside the parentheses:  (-6 + 1 - -4 * -2) = -6 + 1 - 8 = -13   (4 - -8 - -1 - -2) = 4 + 8 + 1 + 2 = 15  2. Next, we combine the results of the parentheses together:  -13 + 15 = 2  Therefore, the answer is 2."
((7 + -9 * -5 + -3) * (-8 * 8 - -5 + -5)) =,-3136,"Let's break this down step by step:  First, we have to solve what's inside the parentheses on both sides:  (-8 * 8 - -5 + -5) = (-64 + 10) = -54  (7 + -9 * -5 + -3) = (7 + 45 + -3) = 49  So now our original equation becomes:  (49 * -54) =  -2,646"
((3 * 4 * 0 * -3) - (6 + -4 + 2 * -7)) =,12,((3 * 4 * 0 * -3) - (6 + -4 + 2 * -7)) simplifies to ((0) - (6 + -4 + -14)) which simplifies further to (-16).
((2 + -6 * -7 - 7) + (-2 - -5 + -4 + -2)) =,34,"First simplify the expression inside the brackets on the right:  (-2 - -5 + -4 + -2) = (-2 + 5 - 4 - 2) = -3  Now simplify the expression inside the brackets on the left:  (2 + -6 * -7 - 7) = (2 + 42 - 7) = 37  Finally, combine the results from both brackets:  37 + (-3) = 34  Therefore, ((2 + -6 * -7 - 7) + (-2 - -5 + -4 + -2)) equals 34."
((-3 + -4 * 5 * -7) - (-1 * -4 + -9 + 2)) =,140,"((-3 + (-4 * 5 * -7)) - (-1 * -4 + -9 + 2)) simplified is:  ((-3 + 140) - (-1 * -4 - 9 + 2))  = (137 - (-1 * -3))  = (137 + 3)  = 140  Therefore, the answer is 140."
((0 + -9 * 6 * 4) + (5 - -3 + 8 * 5)) =,-168,"((-9 * 6 * 4) + (5 - -3 + 8 * 5))=((-54 * 4) + (5 + 24 + 40))=((-216) + 69)= -147  Therefore, ((0 + -9 * 6 * 4) + (5 - -3 + 8 * 5)) equals -147."
((-4 - -6 - -5 - 5) - (-2 + -4 - -8 + 6)) =,-6,"Let's simplify this expression step by step:  -4 - -6 = -4 + 6 = 2  -4 - -5 = -4 + 5 = 1  2 - 1 - 5 = -4  -2 + 4 + 8 - 6 = 4  Therefore, (-4 - -6 - -5 - 5) - (-2 + -4 - -8 + 6) simplifies to:  -4 - 4 = -8"
((-3 + -4 * 3 - -8) + (8 - 1 - -4 - -1)) =,5,"((-3 + -4 * 3 - -8) + (8 - 1 - -4 - -1)) = ((-3 + -12 + 8) + (8 - 1 + 4 + 1)) = (-7 + 12) = 5.   Therefore, the expression results in 5."
((-4 - 5 + 2 + 7) - (-9 * 6 * -1 - -3)) =,-57,((-4 - 5 + 2 + 7) - (-9 * 6 * -1 - -3)) = ((0) - (-54 + 3)) = - (-51) = 51  So the answer is 51.
((8 + 1 + 6 + 6) - (7 - -7 - 9 - -8)) =,8,"The calculation would be:  (8 + 1 + 6 + 6) - (7 - -7 - 9 - -8) =   21 - (7 + 7 + 9 + 8) =   21 - 31 =   -10  Therefore, the answer is -10."
((-9 * -5 - 5 + 7) - (-3 - 8 + 9 * -2)) =,76,"((-9 * -5 - 5 + 7) - (-3 - 8 + 9 * -2)) simplifies to:  = ((45 - 5 + 7) - (-3 - 8 - 18))  = (47 - (-29))  = 47 + 29  = 76  Therefore, the expression simplifies to 76."
((0 + 1 - -6 * 9) * (4 + 7 + -9 - 8)) =,-330,"First, let's simplify the expression in parentheses:  4 + 7 + -9 - 8 = -6  Now we can substitute that value back into the original expression:  ((0 + 1 - -6 * 9) * -6)  Next, we need to evaluate the multiplication inside the parentheses first:  ((0 + 1 - (-54)) * -6)  ((0 + 1 + 54) * -6)  (55 * -6)  -330  Therefore, ((0 + 1 - -6 * 9) * (4 + 7 + -9 - 8)) = -330."
((-1 + -6 + -3 * -2) * (-9 * -1 + 2 - 3)) =,-8,"((-1 + -6 + -3 * -2) * (-9 * -1 + 2 - 3))   = (-1 + -6 + 6) * (-9 + 2 -3)   = -1 * (-10)   = 10   Therefore, ((-1 + -6 + -3 * -2) * (-9 * -1 + 2 - 3)) is equal to 10."
((6 * 5 + 0 - -3) * (4 * 5 * 3 + 0)) =,1980,"(6 * 5 + 0 - -3) = (30 + 0 + 3) = 33  (4 * 5 * 3 + 0) = 60  Therefore,  (6 * 5 + 0 - -3) * (4 * 5 * 3 + 0) = 33 * 60 = 1980"
((-2 * -1 + 1 * -3) - (7 * -7 + -5 * 6)) =,78,"-2 * -1 = 2   1 * -3 = -3   2 - 3 = -1    7 * -7 = -49   -5 * 6 = -30   -49 - (-30) = -49 + 30 = -19    (-1) - (-19) = -1 + 19 = 18    Therefore, (-2 * -1 + 1 * -3) - (7 * -7 + -5 * 6) = 18."
((-1 + 5 - -1 + 3) + (0 - -3 - -5 * 0)) =,11,"((-1 + 5 - -1 + 3) + (0 - -3 - -5 * 0))   = (4 + (0 + 3 + 0))   = (4 + 3)   = 7   Therefore, the final answer is 7."
((0 - 5 + 0 + 3) * (-7 + -8 * 4 - -3)) =,72,"Applying the order of operations (PEMDAS), first we perform the operations inside the brackets:  ((-7) + (-8 x 4) - (-3)) = (-7) + (-32) - (-3) = (-7) + (-32) + 3 = -36  Then we substitute this value in the expression and simplify it:  ((0 - 5 + 0 + 3) * (-36)) = (-2 * (-36)) = 72  Therefore, ((0 - 5 + 0 + 3) * (-7 + -8 * 4 - -3)) equals 72."
((-2 - 3 - 0 - 2) * (1 - -7 - -3 + -6)) =,-35,((-7) * (-11)) = 77
((3 + 3 - -4 - 2) + (-2 - -7 * -2 * 1)) =,-8,"Using the order of operations (PEMDAS), we can simplify the expression: - First, we evaluate the multiplication within the parentheses: -7 * -2 * 1 = 14 - Then, we add the numbers within the parentheses: (-2 - 14) = -16 - Next, we add up the remaining numbers: (3 + 3 - -4 - 2) = 12 - Finally, we add the two results together: 12 + (-16) = -4  Therefore, ((3 + 3 - -4 - 2) + (-2 - -7 * -2 * 1)) = -4."
((-9 - -8 + 3 * -1) * (-9 * -2 * 4 + -6)) =,-264,"((-9 - -8 + 3 * -1) * (-9 * -2 * 4 + -6)) =   ((-9 + 8 - 3) * (-72 + -6)) =   ((-4) * (-78)) =   312  Therefore, ((-9 - -8 + 3 * -1) * (-9 * -2 * 4 + -6)) = 312."
((-1 - 9 * 6 + 3) * (0 - 8 - -4 - -4)) =,0,((-1 - 9 * 6 + 3) * (0 - 8 - -4 - -4)) = ((-1 - 54 + 3) * (0 - 8 + 4 + 4)) = ((-52) * (0)) = 0.
((-9 - 8 * 9 - 0) + (-4 + 4 + -2 - 0)) =,-83,"((-9 - 8 * 9 - 0) + (-4 + 4 + -2 - 0)) = ((-9 - 72) + (-2)) = (-81 - 2) = -83.   Therefore, the expression evaluates to -83."
((-6 - -5 - -9 - -9) * (-6 * 4 - 8 - -9)) =,-391,"Let's simplify the expression step by step:  First, we simplify within the parentheses:  -6 - (-5) = -6 + 5 = -1  -9 - (-9) = -9 + 9 = 0  (-1) + 0 + (-9) + (-9) = -19  -6 * 4 = -24  -8 - (-9) = -8 + 9 = 1  So, (-6 * 4 - 8 - -9) = (-24 + 1) = -23  Finally, we can substitute these simplified values into the original expression:  ((-6 - -5 - -9 - -9) * (-6 * 4 - 8 - -9)) = (-19 * -23)  Multiplying -19 by -23 gives us the final answer:  (-19 * -23) = 437  Therefore, ((-6 - -5 - -9 - -9) * (-6 * 4 - 8 - -9)) = 437."
((1 + 2 * -1 - -8) - (-8 - 2 - -1 + 6)) =,10,"Let's simplify step by step:  1. We can start with the expression inside the first set of parentheses: 1 + 2 * -1 - -8 =  1 + (-2) + 8 =  7  2. Next, we can simplify the expression inside the second set of parentheses: -8 - 2 - -1 + 6 =  -8 - 2 + 1 + 6 =  -3  3. Now we can substitute these simplified expressions back into the original equation: (7 - (-3)) =  (7 + 3) =  10  Therefore, ((1 + 2 * -1 - -8) - (-8 - 2 - -1 + 6)) simplifies to 10."
((-6 * -2 + -2 - -9) + (-9 * 3 * -1 + -1)) =,45,"((-6 * -2 + -2 - -9) + (-9 * 3 * -1 + -1)) = ((12 + 7) + (-27 - 1)) = 12 + 7 - 27 - 1 = -9.   Therefore, the answer is -9."
((-1 * -3 - 2 + -7) + (4 * 8 * -6 - -2)) =,-196,"To solve this expression, we need to follow the order of operations (PEMDAS) which is:  1. Parentheses 2. Exponents 3. Multiplication and Division (left to right) 4. Addition and Subtraction (left to right)  Let's simplify the expression step by step according to these rules:  ((-1 * -3 - 2 + -7) + (4 * 8 * -6 - -2))  = ((3 - 2 + -7) + (4 * 8 * -6 + 2))  = (-6 + (-192 + 2))  = -200  Therefore, the expression equals -200."
((8 + 6 * -1 - -3) * (-5 * 0 - -7 * 1)) =,35,"Let's simplify this expression step by step using the order of operations (PEMDAS): 1. First, we need to deal with the numerical values inside the parentheses:   (8 + 6 * -1 - -3) = 11  (-5 * 0 - -7 * 1) = 7  2. Now, we can substitute these values back into the original expression and continue with the arithmetic operations:   (11 * 7)  3. Finally, we can calculate the result:   (11 * 7) = 77  Therefore,   ((8 + 6 * -1 - -3) * (-5 * 0 - -7 * 1)) = 77."
((-5 - -1 - 7 * 8) * (-1 - -4 * -7 * 2)) =,3420,"((-5 - -1 - 7 * 8) * (-1 - -4 * -7 * 2))   = ((-5 - -1 - 56) * (-1 - (-56)))   = ((-60) * (-1 + 56))   = (-60 * 55)   = -3300  Therefore, ((-5 - -1 - 7 * 8) * (-1 - -4 * -7 * 2)) is equal to -3300."
((4 - 8 - -9 * 7) - (5 + -8 * 9 * -2)) =,-90,"First, let's simplify the expression inside the parentheses on the right side:  5 + (-8) * 9 * (-2) = 5 + (-144) = -139  Now the expression looks like this:  (4 - 8 - (-9 * 7)) - (-139)  We need to calculate (-9 * 7) before we can simplify the rest:  (4 - 8 - (-63)) - (-139)  = 4 - 8 + 63 + 139  = 198  So the final answer is 198."
((-7 - -8 + 5 - -4) + (6 - -6 * 4 - 3)) =,37,"((-7 - (-8) + 5 - (-4)) + (6 - (-6) * 4 - 3))  =((-7 + 8 + 5 + 4) + (6 + 24 - 3))  [Using the negative sign rule, -(-4)= +4 and -(-6) = +6]  =(10 + 27)  = 37  Therefore, ((-7 - -8 + 5 - -4) + (6 - -6 * 4 - 3)) = 37."
((-3 * 4 * 3 + -5) + (-7 - 5 + 7 * -4)) =,-81,"Starting with the parentheses: - (-7 - 5 + 7 * -4) = -7 - 5 - 28 = -40 - (-3 * 4 * 3 + -5) = (-36 + -5) = -41  Therefore, the expression (-3 * 4 * 3 + -5) + (-7 - 5 + 7 * -4) simplifies to: -41 + (-40) = -81."
((-2 - 1 - -6 + -9) - (4 * 8 + -8 * 5)) =,2,"((-2 - 1 - -6 + -9) - (4 * 8 + -8 * 5)) = ((-2 - 1 + 6 - 9) - (32 - 40)) = (-6 - (-8)) = -6 + 8 = 2. Therefore, the answer is 2."
((-2 * 4 - 3 - 3) - (-9 * -3 - -8 * 6)) =,-89,"((-2 * 4 - 3 - 3) - (-9 * -3 - -8 * 6)) simplifies to (-8 - 3 - 3) - (27 + (-48)).   Next, we perform the addition and subtraction inside the parentheses:   (-8 - 3 - 3) - (27 + (-48)) = (-14) - (-21)   Finally, we simplify the expression further by subtracting the negative number:   (-14) - (-21) = (-14) + 21 = 7   Therefore, (-2 * 4 - 3 - 3) - (-9 * -3 - -8 * 6) = 7."
((-4 + -6 + -6 - -9) + (-2 * -5 * 5 * 7)) =,343,"First, we simplify the addition inside the parentheses:  -4 + -6 = -10 -6 - -9 = 3  So now we have:  ((-10 + 3) + (-2 * -5 * 5 * 7))  Next, let's simplify the multiplication:  -2 * -5 = 10 5 * 7 = 35  So now we have:  ((-10 + 3) + (10 * 35))  Next, let's simplify the multiplication:  10 * 35 = 350  So now we have:  -7 + 350  Finally, we add -7 and 350:  343  Therefore, ((-4 + -6 + -6 - -9) + (-2 * -5 * 5 * 7)) = 343."
((-5 * 5 + 1 - 4) + (9 * 0 - -7 - 3)) =,-24,"((-5 * 5 + 1 - 4) + (9 * 0 - -7 - 3)) = ((-25 + 1 - 4) + (0 + 7 - 3)) = (-28 + 4) = -24.   Therefore, the answer is -24."
((1 - -8 + 0 - -3) + (-3 + -4 + 1 + 2)) =,8,"(1 - -8 + 0 - -3) = (1 + 8 + 3) = 12  (-3 + -4 + 1 + 2) = -4  Therefore, (1 - -8 + 0 - -3) + (-3 + -4 + 1 + 2) = 12 + (-4) = 8.   So the result is 8."
((8 - -5 + -9 + 7) + (-9 * -1 * -6 + 4)) =,-39,"First, we need to simplify the expression inside the parentheses:  -9 * -1 * -6 = 54  Now, we can substitute these simplified values into the outer expression:  (8 - -5 + -9 + 7) + (54 + 4)  Simplifying the addition and subtraction:  (20) + (58)  Then adding both terms:  78  Therefore, ((8 - -5 + -9 + 7) + (-9 * -1 * -6 + 4)) equals 78."
((0 * 3 - -9 + -1) - (-5 * -6 - 6 + 8)) =,-24,"Let's start by solving the expression inside the parentheses first:  0 * 3 = 0 -9 + -1 = -10 0 - (-10) = 10  Now let's solve the expression outside of the parentheses:  -5 * -6 = 30 30 - 6 = 24 24 + 8 = 32  Finally, we can substitute the values back into the original equation:  (10) - (32) = -22  Therefore, ((0 * 3 - -9 + -1) - (-5 * -6 - 6 + 8)) equals -22."
((-4 + -9 + -7 * 8) - (-8 + 0 * -5 + -1)) =,-60,"((-4 + -9 + -7 * 8) - (-8 + 0 * -5 + -1)) = ((-4 + -9 - 56) - (-8 + 0 + -1)) = (-69 - (-9)) = (-69 + 9) = -60.   Therefore, the final answer is -60."
((7 + -7 * 9 * 5) - (-2 + -6 - -8 * -2)) =,-284,"Let's simplify this expression step-by-step:  - First, we'll perform the multiplication and division, from left to right (remembering to follow the order of operations, which is PEMDAS: parentheses, exponents, multiplication and division, addition and subtraction):  7 + (-63) - (-2 + 6 - 16)  - Next, we'll simplify the addition and subtraction, also from left to right:  -56 - (-12)  - Finally, we'll simplify the double negative:  -56 + 12  The final result is -44.   Therefore:  (7 + -7 * 9 * 5) - (-2 + -6 - -8 * -2) = -44"
((-4 - -8 + 2 + -8) * (-3 * 0 + 4 * 1)) =,-8,((-4 - -8 + 2 + -8) * (-3 * 0 + 4 * 1)) =   ((-4 + 8 + 2 - 8) * (-3 * 0 + 4 * 1)) =   (-2 * (0 + 4)) =   (-2 * 4) =   -8
((3 - 9 - 3 - 4) + (1 * -2 * -3 - -3)) =,-4,"First, let's simplify the parentheses:  - (3 - 9 - 3 - 4) = -13 - (1 * -2 * -3 - -3) = 3  Then we can substitute these values back into the equation:  - (-13 + 3) = -10  Therefore, ((3 - 9 - 3 - 4) + (1 * -2 * -3 - -3)) = -10."
((-6 * -4 + 1 + -1) * (-1 + 2 * 7 + 2)) =,360,"Let's simplify the expression step by step following the order of operations, which is also known as PEMDAS:  - First, we perform any operations inside parentheses:   (-1 + 2 * 7 + 2) = (-1 + 14 + 2) = 15  - Then, we simplify any multiplication or division, starting from left to right:   (-6 * -4 + 1 + -1) * 15 = (24 + 1 + -1) * 15  - Next, we perform any addition or subtraction, starting from left to right:   (24 + 1 + -1) * 15 = 24 * 15  - Finally, we perform the last multiplication:   24 * 15 = 360  Therefore, the expression simplifies to 360."
((-9 * -3 - 8 - 5) + (1 * -2 - -4 * 5)) =,32,"((-9 * -3) - 8 - 5) + (1 * -2 - (-4 * 5)) = (27 - 8 - 5) + (1 * -2 + 20) = 14 Therefore, (-9 * -3 - 8 - 5) + (1 * -2 - -4 * 5) equals 14."
((3 + -6 * -2 + 7) * (-6 - -4 - -6 + 6)) =,220,"Alright, let's solve this expression.  First, we need to solve the innermost parentheses:   -6 - -4 - (-6) + 6 = -6 + 4 + 6 + 6 = 10  So now the expression becomes:  (3 + -6 * -2 + 7) * 10  Now let's solve the multiplication inside the parentheses:  -6 * -2 = 12  So the expression becomes:  (3 + 12 + 7) * 10  Simplifying the addition inside the parentheses:  22 * 10  Finally, solving the multiplication:  220  Therefore, the result is 220."
((-7 * 2 + -4 * -8) - (-5 * 0 * 1 * 5)) =,18,"Using the order of operations (PEMDAS), we first simplify the expressions inside the parentheses:   -7 * 2 = -14   -4 * -8 = 32   -5 * 0 * 1 * 5 = 0    Now we can substitute these values into the original expression:   ((-14) + 32) - 0 = 18   Therefore, (-7 * 2 + -4 * -8) - (-5 * 0 * 1 * 5) equals 18."
((-4 * 4 + -1 * 5) - (-6 + 1 - -8 - 6)) =,-18,"Let's simplify this expression step by step.   First, we'll simplify what's inside the parentheses:   - (-6 + 1 - -8 - 6) =  - (-6 + 1 + 8 - 6) =  - (-3) =  3   Now we can substitute that value back into the original expression:  ((-4 * 4 + -1 * 5) - 3) =   Then we can simplify the rest of the expression:   ((-16 - 5) - 3) =   Finally, we can combine like terms:   -24.   So, ((-4 * 4 + -1 * 5) - (-6 + 1 - -8 - 6)) simplifies to -24."
((7 - -9 + 0 - 0) + (-9 + 5 - -9 * -1)) =,3,"We can solve this expression step by step, following the order of operations:  - First, we need to evaluate the multiplication operation (-9 * -1):      -9 * -1 = 9  - Next, we can simplify the expression inside the parentheses:    (-9 + 5 - 9) = -13  - Then we add up the rest of the numbers in the outer set of parentheses:    (7 - (-9) + 0 - 0) = 16  - Finally, we add the results of the previous two steps:    16 + (-13) = 3  Therefore, the solution is 3."
((4 + 3 + -9 + -2) * (7 * 2 + 8 - 1)) =,-84,"The first step is to simplify the expressions inside the parentheses:  (4 + 3 + -9 + -2) = -4 (7 * 2 + 8 - 1) = 21  Substitute these values into the equation and continue with the multiplication:  (-4 * 21) = -84  Therefore, ((4 + 3 + -9 + -2) * (7 * 2 + 8 - 1)) = -84."
((3 - 1 + -3 * -4) - (8 * 9 - -7 - -6)) =,-71,"Here's the solution step by step:   1. -3 * -4 = 12  2. 3 - 1 + 12 = 14  3. 8 * 9 = 72  4. -7 - -6 = -1  5. 72 - -1 = 73  6. 14 - 73 = -59  Therefore, ((3 - 1 + -3 * -4) - (8 * 9 - -7 - -6)) = -59."
((-6 * -7 * -8 - -2) + (-5 - 2 + 0 + -2)) =,-343,"((-6 * -7 * -8 - -2) + (-5 - 2 + 0 + -2)) simplifies to:  ((-6* -7 * -8) + 2) + (-5 - 2 - 2)  = (-336 + 2) + (-9)  = -334 - 9  = -343  Therefore, the answer is -343."
((5 * 7 * -4 + 7) * (-5 - -6 + -8 * -5)) =,-5453,"Starting from the inside, -8 * -5 = 40.   Next, -5 - -6 = -5 + 6 = 1.   Substituting these values, the expression becomes:   (35 * 1 * 40) = 1400.   Therefore, the answer is 1400."
((4 - 2 * 2 + 3) + (-3 - -9 - -4 - 5)) =,8,"Starting with the parentheses: - Inside the first set of parentheses:    - 2 multiplied by 2 is 4, so the expression becomes: (4 - 4 + 3)   - Subtracting 4 from 4 leaves us with 0, so the parentheses expression simplifies to (0 + 3) = 3 - Inside the second set of parentheses:    - Two negative signs next to each other cancel each other out, so the expression becomes: (-3 + 9 + 4 - 5) = 5 - Now, we can simplify the overall expression using these values:      - 3 + 5 = 8 Therefore, ((4 - 2 * 2 + 3) + (-3 - -9 - -4 - 5)) = 8."
((8 - 7 - -3 + -9) - (-6 * -6 + -4 * -4)) =,-57,"First, we can simplify the expression inside the parentheses for the second term:   -6 * -6 + -4 * -4 = 36 + 16 = 52   Now we can simplify the expression inside the parentheses for the first term:   8 - 7 - -3 + -9 = 8 - 7 + 3 - 9 = -5   So the entire equation becomes:   -5 - 52 = -57   Therefore, ((8 - 7 - -3 + -9) - (-6 * -6 + -4 * -4)) = -57."
((-7 + 9 + -9 * -4) - (-7 * 6 - 7 * 3)) =,101,((-7 + 9 + -9 * -4) - (-7 * 6 - 7 * 3)) simplifies to:  ((-7 + 9 + 36) - (-42 - 21))  = (38 - (-63))  = 38 + 63  = 101  So the solution is 101.
((-6 * -2 + 6 - -8) - (-2 * -4 * 8 + 5)) =,-43,"((-6 * -2 + 6 - -8) - (-2 * -4 * 8 + 5)) simplifies to:  (12 + 6) - (-64 + 5)  18 - (-59)  18 + 59  77  So, (-6 * -2 + 6 - -8) - (-2 * -4 * 8 + 5) equals 77."
((-1 + 5 * 4 + 9) - (-7 - 6 * -8 - 0)) =,-13,"((-1 + 5 * 4 + 9) - (-7 - 6 * -8 - 0))   = ((-1 + 20 + 9) - (-7 + 48))  // Using order of operations (multiplication before addition)  = (28 - 41)  = -13  Therefore, the answer is -13."
((-4 + -2 + -6 + -1) + (-4 * 2 + -5 * 8)) =,-61,"((-4 + -2 + -6 + -1) + (-4 * 2 + -5 * 8)) simplifies to:  (-13) + (-58) = -71  Therefore, the answer is -71."
((-8 - -1 - -2 * -7) + (3 + 2 - 3 * 3)) =,-25,"((-8 - -1 - -2 * -7) + (3 + 2 - 3 * 3))   =((-8 - -1 - 14) + (3 + 2 - 9))   = ((-8 + 1 - 14) + (3 - 9 + 2))   = (-21 - 4)   = -25  Therefore, the final answer is -25."
((4 + 5 - 7 + 9) * (-1 - -4 + -7 - -5)) =,11,"We can simplify the expressions inside the parentheses first: (-1 - (-4) + (-7) - (-5)) = (-1 + 4 - 7 + 5) = 1 Then we can simplify the expression inside the outer parentheses: (4 + 5 - 7 + 9) = 11 Now we can substitute these values into the original expression: (11 * 1) = 11 Therefore, ((4 + 5 - 7 + 9) * (-1 - -4 + -7 - -5)) equals 11."
((7 + 7 * 3 - 3) - (-3 + 4 - -6 + -3)) =,21,"The calculation within the parentheses is: 7 + 7 * 3 - 3 = 22  The calculation within the second set of parentheses is: -3 + 4 - (-6) + (-3) = 6  Therefore, putting it all together: 22 - 6 = 16  So, ((7 + 7 * 3 - 3) - (-3 + 4 - -6 + -3)) = 16."
((-4 + 5 - 4 - -6) * (-3 * -1 * 2 - -4)) =,30,"First, we need to simplify the innermost expression:   (-3 * -1 * 2 - -4)   = (6 - -4)   = 10   Then, we can simplify the entire expression as follows:   ((-4 + 5 - 4 - -6) * 10)   = (1 - 4) * 10   = -30   Therefore, (-4 + 5 - 4 - -6) * (-3 * -1 * 2 - -4) = -30."
((2 + 7 - -5 - 1) - (0 - 5 - 9 + 0)) =,27,"We can simplify the expression as follows:  (2 + 7 - -5 - 1) - (0 - 5 - 9 + 0) = (2 + 7 + 5 - 1) - (-5 - 9 + 0) = (13 - 1) - (-14) = 12 + 14 = 26  Therefore, (2 + 7 - -5 - 1) - (0 - 5 - 9 + 0) = 26."
((4 * -4 + -6 - -2) - (9 + -7 + -8 * 6)) =,26,"Let's simplify the expression step by step:  First, we'll solve the left side of the equation:  4 * -4 = -16  -16 + -6 = -22  -22 - -2 = -20  Now, we'll solve the right side of the equation:  -8 * 6 = -48  9 + -7 = 2  2 + -48 = -46  Finally, we'll combine both sides of the equation:  -20 - (-46) = 26  Therefore, the solution is 26."
((3 - 2 - 3 * 3) + (-8 * -1 * -9 * 3)) =,-224,"((3 - 2 - 3 * 3) + (-8 * -1 * -9 * 3)) can be simplified using the order of operations (PEMDAS) as follows:  First, we have to perform multiplication: -8 * -1 * -9 * 3 = 216  Then, we can simplify the expression further: (3 - 2 - 3 * 3) + (-8 * -1 * -9 * 3) = (3 - 2 - 9) + 216 = -8 + 216 = 208  Therefore, ((3 - 2 - 3 * 3) + (-8 * -1 * -9 * 3)) = 208."
((-1 * -5 - -3 + -9) + (-5 - 3 * -2 - 5)) =,-5,((-1 * -5 - -3 + -9) + (-5 - 3 * -2 - 5)) =   ((-1 * 5 + 3 - 9) + (-5 + 6 - 5)) =   ((-2) + (-4)) =   -6
((5 * -1 - 7 * 5) - (6 - -5 * 3 * 7)) =,-151,"Using order of operations, we can simplify this expression step by step:  - 5 * -1 = -5 - 7 * 5 = 35 - -5 - 35 = -40 - -5 * 3 = -15 - -15 * 7 = -105 - -105 - 6 = -111  Therefore, ((5 * -1 - 7 * 5) - (6 - -5 * 3 * 7)) = -111."
((9 - -5 - 1 + -2) * (-5 * 3 - -5 - 0)) =,-110,Let's start by simplifying the expressions inside each set of parentheses:   - (9 - -5 - 1 + -2) = 9 + 5 - 1 - 2 = 11   - (-5 * 3 - -5 - 0) = -15 + 5 = -10   Now we can substitute these values into the equation:   (11 * -10) = -110   Final answer: -110.
((-8 - -3 * 5 + 4) * (2 * 7 - -3 - -1)) =,198,"((-8 - (-3 * 5) + 4) * (2 * 7 - (-3) - (-1))) = ((-8 - (-15) + 4) * (2 * 7 + 2)) = ((-8 + 15 + 4) * (14 + 2)) = (11 * 16) = 176  Therefore, the result is 176."
((5 - 7 + -6 + 4) * (2 - -9 + 3 - 6)) =,-32,"First, we need to simplify the expressions inside each set of parentheses: - (5 - 7 + -6 + 4) = -4 - (2 - -9 + 3 - 6) = 8  Now, we can substitute these values into the original equation and simplify further: (-4 * 8) = -32  Therefore, ((5 - 7 + -6 + 4) * (2 - -9 + 3 - 6)) = -32."
((-5 - -1 - 6 * 0) + (-3 + 5 * 0 + 1)) =,-6,"((-5 - -1 - 6 * 0) + (-3 + 5 * 0 + 1)) simplifies to:  ((-5 + 1) + (-3 + 1))   = -4 -2  = -6  Therefore, ((-5 - -1 - 6 * 0) + (-3 + 5 * 0 + 1)) equals -6."
((-3 - 9 - 3 - 1) + (-4 * -9 * -7 - -6)) =,-262,"We can simplify the left side of the equation first:  (-3 - 9 - 3 - 1) = -16  And we can simplify the right side of the equation:  (-4 * -9 * -7 - -6) = (-4 * 63 - (-6)) = (-252 + 6) = -246  Now we can substitute these values back into the original equation:  (-16 + (-246)) = -262  Therefore, the solution is -262."
((1 * -1 + 5 * -4) + (-2 - 5 * 4 - 5)) =,-48,"The answer would be:  ((1 * -1 + 5 * -4) + (-2 - 5 * 4 - 5)) = (-1 + -20) + (-2 - 20 - 5) = -21 - 27 = -48.  Therefore, ((1 * -1 + 5 * -4) + (-2 - 5 * 4 - 5)) is equal to -48."
((-3 - -8 - -7 + -2) - (-2 - 8 + -1 - -6)) =,15,"((-3 - -8 - -7 + -2) - (-2 - 8 + -1 - -6))   = ((-3 + 8 + 7 - 2) - (-2 - 8 + 1 + 6))   [Replacing the double negatives with addition]  = (10 - (-3))   = (10 + 3)   = 13  Therefore, ((-3 - -8 - -7 + -2) - (-2 - 8 + -1 - -6)) = 13."
((-5 * -6 + 3 * -3) - (-1 + -8 * 8 * -9)) =,-554,((- 5) * (-6) + 3 * (-3)) - (-1 + (-8) * 8 * (-9)) =   (30 + (-9)) - (-1 + 576) =   21 - 575 =   -554
((-5 - -7 - 4 - 8) - (-4 + 4 + 1 + 0)) =,-11,"((-5 - -7 - 4 - 8) - (-4 + 4 + 1 + 0)) simplifies to: ((-5 + 7 - 4 - 8) - (-4 + 4 + 1 + 0)) =(-10) - (1) =-11 Therefore, ((-5 - -7 - 4 - 8) - (-4 + 4 + 1 + 0)) = -11."
((9 + 7 - 4 - 7) - (-5 + 6 + -1 * 0)) =,4,"To solve the equation, we need to simplify each set of parentheses first and then follow the order of operations (PEMDAS):  (9 + 7 - 4 - 7) = 5  (-5 + 6 + -1 * 0) = -5 + 6 + 0 (since anything multiplied by 0 is 0) = 1  Now we can substitute these values back into the original equation:  (5) - (1) = 4  Therefore, ((9 + 7 - 4 - 7) - (-5 + 6 + -1 * 0)) = 4."
((8 * -6 + -9 + 9) * (0 - 4 - 0 - -9)) =,-240,"To solve this expression, we need to follow the order of operations (also known as BEDMAS or PEMDAS).   First, let's simplify the expression inside the first set of parentheses:   (8 * -6 + -9 + 9) = -48 + 0 = -48  Next, let's simplify the expression inside the second set of parentheses:   (0 - 4 - 0 - -9) = 0 - 4 - 0 + 9 = 5  Now we can substitute these simplified expressions back into the original expression:   (-48 * 5) = -240  Therefore, ((8 * -6 + -9 + 9) * (0 - 4 - 0 - -9)) = -240."
((-4 * 1 + 8 + 9) * (7 * -6 * -5 - 6)) =,2652,((-4*1+8+9)*(7*-6*-5-6))= ((13)*(-204))= -2652
((-5 - 6 * 2 + 4) - (1 - 9 - 0 * 5)) =,-5,"((-5 - 6 * 2 + 4) - (1 - 9 - 0 * 5)) equals:  ((-5 - 12 + 4) - (1 - 9 - 0))   =(-13 - (-8))   = -13 + 8   = -5  Therefore, the answer is -5."
((-7 - 1 + 3 * -2) + (0 - 4 + 6 + 1)) =,-11,"((-7 - 1 + 3 * -2) + (0 - 4 + 6 + 1)) can be simplified using the order of operations (PEMDAS) as follows:  ((-7 - 1 + 3 * -2) + (0 - 4 + 6 + 1)) = (-7 - 1 - 6) + (0 - 4 + 6 + 1)   (distributing the multiplication) = -14 + 3   (simplifying the additions and subtractions within parentheses) = -11   (adding -14 and 3)  Therefore, (-7 - 1 + 3 * -2) + (0 - 4 + 6 + 1) equals -11."
((7 * 2 + 4 - -6) * (6 - 7 - 7 * -2)) =,312,"First, we need to follow the order of operations, which is PEMDAS; parentheses, exponents, multiplication, division, addition, and subtraction. Here are the steps to solve the expression:  1. Simplify the expression inside the first parentheses: -4 - -6 = 2.  2. Simplify the expression inside the second parentheses: 6 - 7 - (-14) = 13.  3. Multiply the two simplified expressions: 2 * 13 = 26.  Therefore, ((7 * 2 + 4 - -6) * (6 - 7 - 7 * -2)) = 26."
((-6 * -9 + 1 * 7) - (0 + 3 * 5 - 2)) =,48,"Let's break this down step by step using the order of operations (PEMDAS): 1. -6 * -9 = 54 2. 1 * 7 = 7 3. 54 + 7 = 61 4. 3 * 5 = 15 5. 0 + 15 = 15 6. 15 - 2 = 13 7. 61 - 13 = 48  Therefore, the solution is 48."
((-8 - -1 + -8 + -3) * (-4 * 6 - 2 - 3)) =,522,((-8 - -1 + -8 + -3) * (-4 * 6 - 2 - 3))   = (-17 * (-24 - 2 - 3))   = (-17 * -29)   = 493
((0 * -4 - -7 * 5) + (-4 * 0 + 6 + 0)) =,41,"Using the order of operations (PEMDAS), we need to first perform the calculations inside the parentheses before dealing with the rest of the operations.   (-4 * 0 + 6 + 0) simplifies to (0 + 6 + 0) which equals 6.   Now we can simplify the first part of the expression:   (0 * -4 - -7 * 5)   = (0 - (-35))  (subtracting a negative number is the same as adding the positive number)  = (0 + 35)  = 35  Finally, we can put it all together:   ((0 * -4 - -7 * 5) + (-4 * 0 + 6 + 0))   = (35 + 6)   = 41  Therefore, the expression (0 * -4 - -7 * 5) + (-4 * 0 + 6 + 0) equals 41."
((9 * -9 + -4 * -8) - (5 * 0 + 8 - 5)) =,-52,"Starting with the innermost parentheses:   5 * 0 = 0   8 - 5 = 3   So (5 * 0 + 8 - 5) = (0 + 3) = 3   Now we can simplify the expression as follows:   (9 * -9 + -4 * -8) - (5 * 0 + 8 - 5)   = (-81 + 32) - 3   = -49   Therefore, the final answer is -49."
((-6 + -9 - -6 + -1) + (-8 * 5 * -6 + 7)) =,237,"This simplifies to (-6 + -9 + 6 - 1) + (-240 + 7), which equals -10 + (-233) or -243. Therefore, the solution is -243."
((5 + 4 + 7 - 6) - (-8 * 0 - 9 + 4)) =,15,"Let's simplify the expression step by step following the order of operations (PEMDAS):  First, we solve what is inside the parentheses: - (-8 * 0 - 9 + 4) = (-0 - 9 + 4) = -5  Then, we have: (5 + 4 + 7 - 6) - (-5) = (10 - 6) - (-5) = 4 + 5 = 9  Therefore, the solution is 9."
((9 - 6 + -4 + -5) * (4 - -8 + -9 + 0)) =,-18,"First, we need to calculate the values inside each set of parentheses.   For the first set:   9 - 6 + -4 + -5 = -6   For the second set:   4 - -8 + -9 + 0 = 21   Now we can substitute those values into the original equation:   (-6) * (21) = -126   Therefore, the solution is -126."
((-9 * 6 - -3 * -3) + (-4 - -9 + 4 - -4)) =,-50,"Let's simplify the expression step by step:  -9 * 6 = -54 -3 * -3 = 9 -54 - 9 = -63  -4 - (-9) + 4 - (-4) =  -4 + 9 + 4 + 4 = 13  Therefore, the entire expression is:  (-63 + 13) = -50  So, (-9 * 6 - -3 * -3) + (-4 - -9 + 4 - -4) = -50."
((-8 * -8 - -5 * -6) * (3 + -9 - 5 - -1)) =,-340,"((-8 * -8 - -5 * -6) * (3 + -9 - 5 - -1)) = ((64 - 30) * (8 - 5)) = (34 * 3) = 102.   Therefore, (-8 * -8 - -5 * -6) * (3 + -9 - 5 - -1) is equal to 102."
((0 + 3 * 4 * 9) - (4 - -5 + -4 - 4)) =,107,"((0 + 3 * 4 * 9) - (4 - -5 + -4 - 4))   First, we evaluate the expression within the parentheses:  = ((0 + 3 * 4 * 9) - (-9 - 4))  = ((0 + 108) - (-13))  = (108 + 13)  = 121  Therefore, the final answer is 121."
((-4 + -7 - 3 + 3) - (-3 + -2 - -3 * -3)) =,3,"((-4 + -7 - 3 + 3) - (-3 + -2 - -3 * -3)) simplifies to: ((-8) - (-4)) = (-8 + 4) = -4  Therefore, the answer is -4."
((-7 * -2 * -1 + -9) - (-7 + 5 - 0 * -4)) =,-21,"Using the order of operations (PEMDAS), first we simplify the expressions inside the parentheses:  -7 * -2 * -1 = 14 -7 + 5 = -2 0 * -4 = 0  So we can rewrite the original expression as:  (-7 * -2 * -1 + -9) - (-2 - 0)  Next, we simplify the multiplication:  -7 * -2 * -1 = 14  So now we have:  (14 + -9) - (-2)  We simplify the addition and subtraction inside the parentheses:  (14 - 9) - (-2)  We simplify the subtraction of a negative number:  5 - (-2)  We simplify the double negative:  5 + 2  Finally, the result is:  7"
((-3 + 2 * -7 * 5) * (-9 - 9 - -9 + -7)) =,1168,"((-3 + 2 * -7 * 5) * (-9 - 9 - -9 + -7))   = ((-3 + -70) * (-9 - 9 + 9 - 7))   = (-73 * -8)   = 584   Therefore, ((-3 + 2 * -7 * 5) * (-9 - 9 - -9 + -7)) equals 584."
((1 + 0 + 2 - 4) + (-9 + 6 * -5 + 8)) =,-32,"We can simplify this expression by first solving what is inside the parentheses:  (1 + 0 + 2 - 4) = -1 (-9 + 6 * -5 + 8) = -31  Now we can substitute these values to get:  ((-1) + (-31)) = -32  Therefore, the answer is -32."
((-3 + -4 * 4 + -8) + (1 - -3 + 4 - -9)) =,-10,"((-3 + -4 * 4 + -8) + (1 - -3 + 4 - -9)) =  ((-3 + -16 + -8) + (1 + 3 + 4 + 9)) =  (-27 + 17) =  -10  Therefore, ((-3 + -4 * 4 + -8) + (1 - -3 + 4 - -9)) is equal to -10."
((3 * -7 * -4 * 2) + (7 - -3 - -3 * 1)) =,181,"First, let's simplify the expressions inside the parentheses:  - (-3 * 1) = -3  So the expression becomes:  (3 * -7 * -4 * 2) + (7 - -3 - -3) =   (84) + (7 - 3) =   84 + 4 =   88  Therefore, the answer is 88."
((-5 * -6 + -9 - 3) + (-7 - -2 - 6 * 6)) =,-23,"((-5 * -6 + -9 - 3) + (-7 - -2 - 6 * 6)) = ((30 + -9 - 3) + (-7 + 2 - 36)) = (18 - 41) = -23. Therefore, the answer is -23."
((6 - 5 + 5 + -9) - (9 + 8 * -6 * -1)) =,-60,"((6 - 5 + 5 + -9) - (9 + 8 * -6 * -1))   = ( -3 - (9 + 48))  = -3 - 57  = -60  Therefore, ((6 - 5 + 5 + -9) - (9 + 8 * -6 * -1)) = -60."
((8 * 3 - -1 - -3) * (-4 * 7 * -3 * 3)) =,7056,"Let's simplify the expression step by step:  First, we simplify the expression within the parentheses: 8 * 3 = 24 -1 - -3 = 2 So, (8 * 3 - -1 - -3) becomes (24 + 2) which is equal to 26.  Next, simplify the expression on the right side of the multiplication sign: -4 * 7 * -3 * 3 = -252  Finally, multiply 26 with -252 to get the final answer: 26 * -252 = -6552  Therefore, ((8 * 3 - -1 - -3) * (-4 * 7 * -3 * 3)) = -6552."
((5 + 3 - 6 + 1) + (-5 + 5 - 6 - 4)) =,-7,"The answer would be:  (5 + 3 - 6 + 1) = 3 (-5 + 5 - 6 - 4) = -10  So, (3 + -10) would be equal to -7.   Therefore:  ((5 + 3 - 6 + 1) + (-5 + 5 - 6 - 4)) = -7."
((-9 + 6 + 1 - 7) * (2 - -2 + -9 + -2)) =,63,((-9 + 6 + 1 - 7) * (2 - -2 + -9 + -2)) = (-9 + (6 + 1) - 7) * (2 - (-2) - 9 - 2) = (-9 * (-11)) = 99
((1 * 0 - -5 - 3) + (9 * 6 + -4 - 0)) =,52,"The solution is:  ``` (1 * 0 - (-5) - 3) + (9 * 6 + (-4) - 0) = (0 + 5 - 3) + (54 - 4 - 0) = 2 + 50 = 52 ```  Therefore, `(1 * 0 - -5 - 3) + (9 * 6 + -4 - 0) = 52`."
((1 - 2 + 5 * 2) + (-2 - -7 + 3 * -8)) =,-10,Let's simplify each set of parentheses first:  - (1 - 2 + 5 * 2) = 9 - (-2 - -7 + 3 * -8) = -33  Now we can substitute these simplifications back into the original equation:  (9) + (-33) = -24  So the final answer is -24.
((5 + -7 + 1 - 5) - (-3 * -1 * 7 + -1)) =,-26,"(-6 - (-22)) = (-6 + 22) = 16. Therefore, ((5 + -7 + 1 - 5) - (-3 * -1 * 7 + -1)) equals 16."
((-7 * -2 + -4 + -4) - (9 * 1 * -6 * 6)) =,330,"((-7 * -2 + -4 + -4) - (9 * 1 * -6 * 6)) = (-14 - 4 - 4) - (-324) = -18 - (-324) = -18 + 324 = 306. Therefore, the answer is 306."
((1 + 0 - 3 + 0) - (-7 - 9 * 1 + -3)) =,17,"Simplifying the expression inside the parenthesis first:  (-7 - 9 * 1 + -3) = (-7 - 9 - 3) = -19  Now the expression becomes:  (1 + 0 - 3 + 0) - (-19) = 3 + 19 = 22  Therefore, ((1 + 0 - 3 + 0) - (-7 - 9 * 1 + -3)) = 22."
((7 * 6 - -2 - 7) * (4 * 5 * -3 + 2)) =,-2146,"((7 * 6 - -2 - 7) * (4 * 5 * -3 + 2)) = ((42 - -2 - 7) * (20 * -3 + 2)) = (37 * (60 - 2)) = 37 * 58 = 2146.   Therefore, ((7 * 6 - -2 - 7) * (4 * 5 * -3 + 2)) is equal to 2146."
((3 * -9 * 3 - 7) - (-9 + 4 * 8 + 2)) =,-113,"Let's solve this expression step by step according to the order of operations (PEMDAS):  1. First, we need to solve the parentheses:  (-9 + 4 * 8 + 2) = -9 + 32 + 2 = 25  And also, we can simplify the -(-7) as +7:  (3 * -9 * 3 - 7) + 7 - 25 =  2. Next, we solve the multiplication:  3 * -9 * 3  = -81  -81 - 7 + 7 - 25 =  3. Then, we apply addition and subtraction, from left to right:  -81 - 7 = -88  -88 + 7 = -81  -81 - 25 = -106  Therefore, the final result is -106."
((9 + 6 - 9 + 8) * (9 - -9 * -6 + -2)) =,-658,"((9 + 6 - 9 + 8) * (9 - -9 * -6 + -2)) = ((14) * (47)) = 658. Therefore, the answer is 658."
((5 * 6 + -6 - 8) * (-5 - 6 - 5 - -4)) =,-192,Starting with the innermost parentheses: -5 - 6 = -11 -5 - -4 = -1  So now the expression is: (5 * 6 + -6 - 8) * (-11 - 1)  Simplifying the first set of terms: 5 * 6 = 30 -6 - 8 = -14  Now the expression is: (30 - 14) * (-11 - 1)  Simplifying again: 30 - 14 = 16 -11 - 1 = -12  Final expression: 16 * -12 = -192
((5 + 4 - -1 * -1) + (-6 - -7 + -1 * 6)) =,3,"We can simplify this expression by performing the operations inside each set of parentheses first, then adding or subtracting the results.   Inside the first set of parentheses:   - -1 * -1 = 1   So, (5 + 4 - 1) = 8   Inside the second set of parentheses:   - -7 = 7   So, (-6 + 7 - 6) = -5   Now we can substitute these results back into the original expression:   (8 + (-5)) = 3   Therefore, (5 + 4 - -1 * -1) + (-6 - -7 + -1 * 6) = 3."
((9 - 5 - 4 + -2) + (-9 + 1 - 1 - 9)) =,-20,"Starting from the left:   9 - 5 = 4   4 - 4 = 0   0 + (-2) = -2  Then, starting from the left again:   -9 + 1 = -8   -8 - 1 = -9   -9 - 9 = -18    Finally, adding -2 and -18:   -2 + (-18) = -20    So,   ((9 - 5 - 4 + -2) + (-9 + 1 - 1 - 9)) = -20"
((6 - 9 * -6 - -9) + (3 * 3 + -5 * -9)) =,123,"To solve this expression, we need to follow the order of operations, which is PEMDAS (Parentheses, Exponents, Multiplication and Division, Addition and Subtraction).  Starting with the innermost parentheses:  3 * 3 = 9 -5 * -9 = 45  So, (3 * 3 + -5 * -9) = (9 + 45) = 54  Now we can simplify the expression:  6 - 9 * -6 - -9 = 6 + 54 - (-9)  The minus sign before the 9 means we need to subtract -9, which becomes +9:  6 + 54 + 9 = 69  So the final result is 69."
((-2 * 5 + -3 + 0) * (-9 + 2 + 5 * 4)) =,-169,"((-2 * 5 + -3 + 0) * (-9 + 2 + 5 * 4))   = (-10 - 3 + 0) * (-9 + 2 + 20)   = (-13) * (13)   = -169   Therefore, ((-2 * 5 + -3 + 0) * (-9 + 2 + 5 * 4)) = -169."
((5 * -3 * 3 * 7) * (0 + -9 - -5 - -2)) =,630,"Using the order of operations (PEMDAS), we start with the multiplication inside the first set of parentheses:  5 * -3 * 3 * 7 = -315  Then, we work our way through the addition and subtraction inside the second set of parentheses:  0 + -9 - -5 - -2 = 0 - (-9 + 5 + 2) = 0 - 12 = -12  Now we can substitute these values back into the original expression:  (-315) * (-12) = 3780  Therefore, ((5 * -3 * 3 * 7) * (0 + -9 - -5 - -2)) = 3780."
((8 - 3 + 0 + 7) + (-9 * -6 * 2 - 0)) =,120,"Applying the order of operations, we start with the multiplication inside the parentheses: (-9 * -6 * 2) is equal to 108.   So, the expression becomes:   (8 - 3 + 0 + 7) + 108  Next, we can simplify the addition inside the parentheses:   (8 + 4) + 108  Then, we can simplify the addition:   12 + 108  Finally, we can add these together to get:   120  Therefore, ((8 - 3 + 0 + 7) + (-9 * -6 * 2 - 0)) = 120."
((-2 * 9 * -8 + 8) - (0 * -4 - -6 * 4)) =,128,"((-2 * 9 * -8 + 8) - (0 * -4 - -6 * 4))   = ((-2 * -72 + 8) - (0 + (-24)))  = (144 + 8 + 24)  = 176  Therefore, ((-2 * 9 * -8 + 8) - (0 * -4 - -6 * 4)) = 176."
((-7 * -6 * 0 - 5) * (-3 - 9 * -8 * -9)) =,3255,((-7 * -6 * 0 - 5) * (-3 - 9 * -8 * -9))   = ((42 * 0 - 5) * (-3 - (-648)))   = (-5 * 645)   = -3225
((3 * 8 * -1 * -9) - (-2 + 2 * -8 * 8)) =,346,"Let's simplify the expression step by step:  First, we can simplify the first part of the expression by multiplying the numbers inside the parenthesis:  (3 * 8 * -1 * -9) = 216  Then we can simplify the second part of the expression:  (-2 + 2 * -8 * 8) = (-2 + (-128)) = -130  Now we can substitute these simplified values back into the original expression:  (3 * 8 * -1 * -9) - (-2 + 2 * -8 * 8) = 216 - (-130)  Simplifying the double negative:  216 + 130 = 346  Therefore,  (3 * 8 * -1 * -9) - (-2 + 2 * -8 * 8) = 346"
((-9 + 5 * 0 - -8) + (6 - -5 * -7 + -8)) =,-38,"((-9 + 5 * 0 - -8) + (6 - -5 * -7 + -8))   = (-9 + 0 + 8) + (6 + 35 - 8)   \[Multiplying -5 and -7 gives 35.\]  = -1 + 33  = 32  Therefore,((-9 + 5 * 0 - -8) + (6 - -5 * -7 + -8)) = 32."
((-2 - -7 - 5 * 2) + (-3 - 5 * 3 + -7)) =,-30,"((-2 - -7 - 5 * 2) + (-3 - 5 * 3 + -7)) can be simplified using the order of operations:  - First, we perform the multiplication: 5 * 2 = 10 and 5 * 3 = 15. - Next, we simplify the subtraction: -2 - -7 = 5 and -3 - 7 = -10. - Finally, we can combine the two sets of parentheses: (5 + (-10)) = -5  Therefore, ((-2 - -7 - 5 * 2) + (-3 - 5 * 3 + -7)) = -5."
((-9 + -7 + -1 - -1) * (3 - -7 - -1 * 0)) =,-160,"((-9 + -7 + -1 - -1) * (3 - -7 - -1 * 0))   = ((-9 + -7 + -1 + 1) * (3 - -7 - 0))  = (-16 * 10)  = -160   Therefore, the answer is -160."
((-1 + 6 + 9 + 3) - (-5 - 9 - -3 + 4)) =,24,"Starting with the innermost parentheses:   (-5 - 9 - -3 + 4) = -5 - 9 + 3 + 4 = -7   So the whole expression becomes:   ((-1 + 6 + 9 + 3) - (-5 - 9 - -3 + 4)) =   (17 - (-7)) =   (17 + 7) =   24   Therefore, (-1 + 6 + 9 + 3) - (-5 - 9 - -3 + 4) = 24."
((-7 + 9 * 9 * 6) - (-2 - -5 + 9 + -7)) =,474,"The calculation of the expression is:  ((-7 + 9 * 9 * 6) - (-2 - -5 + 9 + -7)) = ((-7 + 486) - (-5)) = (479 + 5) = 484  Therefore, the result is 484."
((-8 - -7 + 0 + 3) + (-3 + 5 - -5 * -8)) =,-36,"((-8 - -7 + 0 + 3) + (-3 + 5 - -5 * -8))   = ((-8 + 7 + 3) + (-3 + 5 + 40))  = (2 + 42)  = 44  Therefore, the answer is 44."
((8 - 4 - -8 - -7) + (6 - 5 - -1 - 4)) =,17,"Starting with the innermost parentheses first, we have:  (8 - 4 - -8 - -7) = 8 - 4 + 8 + 7 = 19  (6 - 5 - -1 - 4) = 6 - 5 + 1 - 4 = -2  Substituting these values into the original expression, we have:  (19 + -2) = 17  Therefore, the answer is 17."
((-6 * 8 + -6 - -5) + (-4 - 9 * 5 - -1)) =,-97,"(-6 * 8) means -48.   (-6 - -5) means -1.   Therefore, (-6 * 8 + -6 - -5) equals -48 + (-1), which equals -49.   (-9 * 5) means -45.   (-4 - -1) means -3.   Therefore, (-4 - 9 * 5 - -1) equals -4 - (-45) - (-1), which equals -4 + 45 + 1, which equals 42.   Finally, adding -49 and 42, we get (-6 * 8 + -6 - -5) + (-4 - 9 * 5 - -1) = -49 + 42, which equals -7.   So (-6 * 8 + -6 - -5) + (-4 - 9 * 5 - -1) equals -7."
((5 * -9 - 4 - 4) - (-3 * 2 * 9 + -7)) =,8,"Let's simplify the expression step by step using the order of operations (PEMDAS):  1. First, we solve the expression inside the parentheses: (-3 * 2 * 9 + -7) = -54 + (-7) = -61  2. Next, we simplify the expression inside the first set of parentheses: (5 * -9 - 4 - 4) = -45 - 4 - 4 = -53  3. Now, we substitute the values obtained in step 1 and step 2: (-53) - (-61)  4. We simplify the subtraction of the two negative numbers by changing the operation to addition of the opposite: (-53) + 61  5. Finally, we add the two positive numbers: 8  Therefore, ((5 * -9 - 4 - 4) - (-3 * 2 * 9 + -7)) = 8."
((4 * -9 * 3 * -8) + (-9 - 4 - -9 - -7)) =,867,"This simplifies to:  -1080 + 23 = -1057  Therefore, the answer is -1057."
((-7 - 2 - 0 + 2) * (-4 * -5 + -8 + 9)) =,-147,"((-7 - 2 - 0 + 2) * (-4 * -5 + -8 + 9)) = ((-7 - 2) * (-4 * -5 + -8 + 9)) = (-9 * (20 - 8 + 9)) = (-9 * 21) = -189. Therefore, the answer is -189."
((-1 + 7 * 7 * -9) * (4 + 3 + -8 * 4)) =,11050,"((-1 + 7 * 7 * -9) * (4 + 3 + -8 * 4))   = ((-1 + (-441)) * (4 + 3 + (-32)))   = (-442 * -25)   = 11050  Therefore, (-1 + 7 * 7 * -9) * (4 + 3 + -8 * 4) equals to 11050."
((7 * 8 + 1 + 3) - (3 + -1 - -9 + -6)) =,55,64.
((3 + -9 + 8 + -4) * (-4 + -6 - 4 - -8)) =,12,"Following the order of operations (PEMDAS), we first need to perform the addition and subtraction inside the parentheses:  (-4 + -6 - 4 - -8) = (-4 - 6 - 4 + 8) = -6  Next, we need to multiply the result inside the parentheses with the sum of the first set of numbers:  (3 + -9 + 8 + -4) * (-4 + -6 - 4 - -8) = (-2) * (-6) = 12  Therefore, (3 + -9 + 8 + -4) * (-4 + -6 - 4 - -8) equals 12."
((1 * 5 * -8 - -2) * (-2 * 6 - -5 * 3)) =,-114,"Let's simplify this expression step by step using the order of operations:  First, we need to evaluate the expression inside the first set of parentheses:   1 * 5 * -8 = -40   Then we need to subtract -2 from this result:   -40 - (-2) = -38   Next, we multiply this result by the expression inside the second set of parentheses:   -38 * (-2 * 6 - -5 * 3) = -38 * (-12 + 15)   Now we need to simplify the expression inside the second set of parentheses:   -12 + 15 = 3   So now we have:   -38 * 3 = -114   Therefore,   ((1 * 5 * -8 - -2) * (-2 * 6 - -5 * 3)) = -114."
((-8 - -1 * -8 * -2) * (-6 + 8 + -5 * -8)) =,336,"((-8 - -1 * -8 * -2) * (-6 + 8 + -5 * -8))   = ((-8 - 16) * (-6 + 8 + 40))  = (-24 * 42)  = -1008  Therefore, the value of the expression is -1008."
((4 - -6 + -9 + -7) - (9 + -3 - -7 * -8)) =,44,"Let's simplify the expression step by step:  = (4 - (-6) + (-9) + (-7)) - (9 + (-3) - (-7) * (-8)) = (4 + 6 - 9 - 7) - (9 + 3 + 56) = -6 - 68 = -74  Therefore, ((4 - -6 + -9 + -7) - (9 + -3 - -7 * -8)) = -74."
((0 * -7 - 6 * 3) * (-9 + -5 - 2 * -1)) =,216,"Simplifying the expression:  (0 * -7 - 6 * 3) * (-9 + -5 - 2 * -1) = (-18) * (-9 + -5 + 2)   = (-18) * (-2)   = 36   Therefore, ((0 * -7 - 6 * 3) * (-9 + -5 - 2 * -1)) equals 36."
((-8 * 1 * -1 + -5) + (-2 - -3 + 1 * -7)) =,-3,"((-8 * 1 * -1 + -5) + (-2 - -3 + 1 * -7)) = ((8-5) + (1-3-7)) = (3-9) = -6. Therefore, the answer is -6."
((8 - -9 * 4 * 9) * (-4 * -3 * 7 * 9)) =,250992,"First, we should perform the multiplication within the parentheses on both sides:  -4 * -3 = 12 7 * 9 = 63 12 * 63 = 756  Next, we should simplify the expression in the first set of parentheses:  -9 * 4 = -36 8 - (-36 * 9) = 320  Now, we can multiply the two simplified expressions together:  320 * 756 = 241920  Therefore, ((8 - -9 * 4 * 9) * (-4 * -3 * 7 * 9)) = 241920."
((1 * -9 - 4 + -9) + (-1 + -6 + 9 - 5)) =,-25,"To solve this equation, start with the parentheses and follow the order of operations:  - (-1 + -6 + 9 - 5) = -3 - (1 * -9 - 4 + -9) = -22 - -22 + (-3) = -25  Therefore, ((1 * -9 - 4 + -9) + (-1 + -6 + 9 - 5)) equals -25."
((-1 + 2 - 9 + 0) * (0 - -2 + -6 - 2)) =,48,((-1 + 2 - 9 + 0) * (0 - -2 + -6 - 2)) = (-8 * -6) = 48
((7 * -5 * -9 + 7) - (2 + -8 * 6 * 3)) =,464,"First, we solve for the expressions within the parentheses and simplify the numeric expressions as we go:  -8 * 6 = -48  -48 * 3 = -144  2 + -144 = -142  Next, we simplify the expression outside the parentheses:  7 * -5 * -9 = 315  315 + 7 = 322  Finally, we substitute the simplified value in the parentheses into the overall expression:  322 - (-142) =   322 + 142 =   464  Therefore, ((7 * -5 * -9 + 7) - (2 + -8 * 6 * 3)) = 464."
((-5 + -8 - -6 * 7) + (9 * -7 - -5 - -4)) =,-25,"To solve this expression, we need to follow the order of operations also known as PEMDAS (Parentheses, Exponents, Multiplication and Division, Addition and Subtraction).  (-5 + -8 - -6 * 7) + (9 * -7 - -5 - -4)   First, let's simplify what's inside the parentheses:  ((-5) + (-8) - (-6 * 7)) + ((9 * -7) - (-5) - (-4))  Next, we'll simplify the multiplication and addition/subtraction inside these parentheses:  ((-5) + (-8) - (-42)) + (-63 - (-5) + 4)  Now, we'll simplify the two subtraction operations, keeping in mind to change subtracting a negative to adding a positive:  ((-5) + (-8) + 42) + (-63 + 5 + 4)  Next, we'll simplify these addition operations:  (29) + (-54)  Finally, we'll add the two terms to get the final answer:  -25  Therefore, the solution to the expression is -25."
((-6 * 9 - -5 + 8) * (-8 * -6 - -1 * 0)) =,-1968,"((-6 * 9 - -5 + 8) * (-8 * -6 - -1 * 0))   = ((-54 + 5 + 8) * (-48 - 0))  = (-41 * -48)  = 1968  Therefore, ((-6 * 9 - -5 + 8) * (-8 * -6 - -1 * 0)) = 1968."
((5 - -2 * 7 + -2) - (0 * 9 * -6 - -7)) =,10,"Performing the operations inside the parentheses first, we get:  (5 - (-14 + -2)) - (0 * 9 * -6 - -7) = (5 - (-16)) - (0 * -54 +7) = (5 + 16) - (0 + 7) = 21 - 7 = 14  Therefore,   (5 - -2 * 7 + -2) - (0 * 9 * -6 - -7) = 14."
